{
  "Button3_4": {
    "AllowAccessToGlobals": true,
    "ControlPropertyState": [
      {
        "AFDDataSourceName": "",
        "AutoRuleBindingEnabled": true,
        "AutoRuleBindingString": "",
        "InvariantPropertyName": "ZIndex",
        "IsLockable": false,
        "NameMapSourceSchema": "*[]"
      },
      {
        "AFDDataSourceName": "",
        "AutoRuleBindingEnabled": true,
        "AutoRuleBindingString": "",
        "InvariantPropertyName": "Color",
        "IsLockable": false,
        "NameMapSourceSchema": "*[]"
      },
      {
        "AFDDataSourceName": "",
        "AutoRuleBindingEnabled": true,
        "AutoRuleBindingString": "",
        "InvariantPropertyName": "DisabledColor",
        "IsLockable": false,
        "NameMapSourceSchema": "*[]"
      },
      {
        "AFDDataSourceName": "",
        "AutoRuleBindingEnabled": true,
        "AutoRuleBindingString": "",
        "InvariantPropertyName": "DisabledFill",
        "IsLockable": false,
        "NameMapSourceSchema": "*[]"
      },
      {
        "AFDDataSourceName": "",
        "AutoRuleBindingEnabled": false,
        "AutoRuleBindingString": "RGBA(62,96,170,1)",
        "InvariantPropertyName": "Fill",
        "IsLockable": false,
        "NameMapSourceSchema": "*[]"
      },
      {
        "AFDDataSourceName": "",
        "AutoRuleBindingEnabled": true,
        "AutoRuleBindingString": "",
        "InvariantPropertyName": "FontWeight",
        "IsLockable": false,
        "NameMapSourceSchema": "*[]"
      },
      {
        "AFDDataSourceName": "",
        "AutoRuleBindingEnabled": true,
        "AutoRuleBindingString": "",
        "InvariantPropertyName": "Size",
        "IsLockable": false,
        "NameMapSourceSchema": "*[]"
      },
      {
        "AFDDataSourceName": "",
        "AutoRuleBindingEnabled": true,
        "AutoRuleBindingString": "",
        "InvariantPropertyName": "X",
        "IsLockable": false,
        "NameMapSourceSchema": "*[]"
      },
      {
        "AFDDataSourceName": "",
        "AutoRuleBindingEnabled": true,
        "AutoRuleBindingString": "",
        "InvariantPropertyName": "Y",
        "IsLockable": false,
        "NameMapSourceSchema": "*[]"
      },
      {
        "AFDDataSourceName": "",
        "AutoRuleBindingEnabled": false,
        "AutoRuleBindingString": "98",
        "InvariantPropertyName": "Height",
        "IsLockable": false,
        "NameMapSourceSchema": "*[]"
      },
      {
        "AFDDataSourceName": "",
        "AutoRuleBindingEnabled": true,
        "AutoRuleBindingString": "",
        "InvariantPropertyName": "Width",
        "IsLockable": false,
        "NameMapSourceSchema": "*[]"
      },
      {
        "AFDDataSourceName": "",
        "AutoRuleBindingEnabled": false,
        "AutoRuleBindingString": "\"Button\"",
        "InvariantPropertyName": "Text",
        "IsLockable": false,
        "NameMapSourceSchema": "*[]"
      },
      {
        "AFDDataSourceName": "",
        "AutoRuleBindingEnabled": false,
        "AutoRuleBindingString": "10",
        "InvariantPropertyName": "RadiusBottomLeft",
        "IsLockable": false,
        "NameMapSourceSchema": "*[]"
      },
      {
        "AFDDataSourceName": "",
        "AutoRuleBindingEnabled": false,
        "AutoRuleBindingString": "10",
        "InvariantPropertyName": "RadiusBottomRight",
        "IsLockable": false,
        "NameMapSourceSchema": "*[]"
      },
      {
        "AFDDataSourceName": "",
        "AutoRuleBindingEnabled": false,
        "AutoRuleBindingString": "10",
        "InvariantPropertyName": "RadiusTopLeft",
        "IsLockable": false,
        "NameMapSourceSchema": "*[]"
      },
      {
        "AFDDataSourceName": "",
        "AutoRuleBindingEnabled": false,
        "AutoRuleBindingString": "10",
        "InvariantPropertyName": "RadiusTopRight",
        "IsLockable": false,
        "NameMapSourceSchema": "*[]"
      },
      {
        "AFDDataSourceName": "",
        "AutoRuleBindingEnabled": false,
        "AutoRuleBindingString": "ColorFade(Button3.Fill, 20%)",
        "InvariantPropertyName": "HoverFill",
        "IsLockable": false,
        "NameMapSourceSchema": "*[]"
      },
      {
        "AFDDataSourceName": "",
        "AutoRuleBindingEnabled": false,
        "AutoRuleBindingString": "ColorFade(Button3.BorderColor, 20%)",
        "InvariantPropertyName": "HoverBorderColor",
        "IsLockable": false,
        "NameMapSourceSchema": "*[]"
      },
      {
        "AFDDataSourceName": "",
        "AutoRuleBindingEnabled": false,
        "AutoRuleBindingString": "Button3.Color",
        "InvariantPropertyName": "PressedFill",
        "IsLockable": false,
        "NameMapSourceSchema": "*[]"
      },
      {
        "AFDDataSourceName": "",
        "AutoRuleBindingEnabled": false,
        "AutoRuleBindingString": "Button3.Fill",
        "InvariantPropertyName": "PressedColor",
        "IsLockable": false,
        "NameMapSourceSchema": "*[]"
      },
      {
        "AFDDataSourceName": "",
        "AutoRuleBindingEnabled": false,
        "AutoRuleBindingString": "false",
        "InvariantPropertyName": "OnSelect",
        "IsLockable": false,
        "NameMapSourceSchema": "*[]"
      },
      "Align",
      "AutoDisableOnSelect",
      "BorderStyle",
      "Font",
      "VerticalAlign",
      "BorderColor",
      "DisabledBorderColor",
      "PressedBorderColor",
      "FocusedBorderThickness",
      "HoverColor",
      "TabIndex",
      "DisplayMode",
      "FocusedBorderColor"
    ],
    "HasDynamicProperties": false,
    "IsAutoGenerated": false,
    "IsComponentDefinition": false,
    "IsDataControl": false,
    "IsFromScreenLayout": false,
    "IsGroupControl": false,
    "IsLocked": false,
    "LayoutName": "",
    "MetaDataIDKey": "",
    "Name": "Button3_4",
    "ParentIndex": 2,
    "PersistMetaDataIDKey": false,
    "Properties": [
      {
        "Category": "Data",
        "PropertyName": "Text",
        "RuleProviderType": "Unknown"
      },
      {
        "Category": "Design",
        "PropertyName": "DisplayMode",
        "RuleProviderType": "Unknown"
      },
      {
        "Category": "Design",
        "PropertyName": "ZIndex",
        "RuleProviderType": "Unknown"
      },
      {
        "Category": "Design",
        "PropertyName": "BorderColor",
        "RuleProviderType": "Unknown"
      },
      {
        "Category": "Design",
        "PropertyName": "DisabledBorderColor",
        "RuleProviderType": "Unknown"
      },
      {
        "Category": "Design",
        "PropertyName": "PressedBorderColor",
        "RuleProviderType": "Unknown"
      },
      {
        "Category": "Design",
        "PropertyName": "HoverBorderColor",
        "RuleProviderType": "Unknown"
      },
      {
        "Category": "Design",
        "PropertyName": "BorderStyle",
        "RuleProviderType": "Unknown"
      },
      {
        "Category": "Design",
        "PropertyName": "Color",
        "RuleProviderType": "Unknown"
      },
      {
        "Category": "Design",
        "PropertyName": "DisabledColor",
        "RuleProviderType": "Unknown"
      },
      {
        "Category": "Design",
        "PropertyName": "PressedColor",
        "RuleProviderType": "Unknown"
      },
      {
        "Category": "Design",
        "PropertyName": "HoverColor",
        "RuleProviderType": "Unknown"
      },
      {
        "Category": "Design",
        "PropertyName": "Fill",
        "RuleProviderType": "Unknown"
      },
      {
        "Category": "Design",
        "PropertyName": "DisabledFill",
        "RuleProviderType": "Unknown"
      },
      {
        "Category": "Design",
        "PropertyName": "PressedFill",
        "RuleProviderType": "Unknown"
      },
      {
        "Category": "Design",
        "PropertyName": "HoverFill",
        "RuleProviderType": "Unknown"
      },
      {
        "Category": "Design",
        "PropertyName": "Font",
        "RuleProviderType": "Unknown"
      },
      {
        "Category": "Design",
        "PropertyName": "FontWeight",
        "RuleProviderType": "Unknown"
      },
      {
        "Category": "Design",
        "PropertyName": "Align",
        "RuleProviderType": "Unknown"
      },
      {
        "Category": "Design",
        "PropertyName": "VerticalAlign",
        "RuleProviderType": "Unknown"
      },
      {
        "Category": "Design",
        "PropertyName": "X",
        "RuleProviderType": "Unknown"
      },
      {
        "Category": "Design",
        "PropertyName": "Y",
        "RuleProviderType": "Unknown"
      },
      {
        "Category": "Design",
        "PropertyName": "Width",
        "RuleProviderType": "Unknown"
      },
      {
        "Category": "Design",
        "PropertyName": "Height",
        "RuleProviderType": "Unknown"
      },
      {
        "Category": "Design",
        "PropertyName": "Size",
        "RuleProviderType": "Unknown"
      },
      {
        "Category": "Design",
        "PropertyName": "RadiusBottomLeft",
        "RuleProviderType": "Unknown"
      },
      {
        "Category": "Design",
        "PropertyName": "RadiusBottomRight",
        "RuleProviderType": "Unknown"
      },
      {
        "Category": "Design",
        "PropertyName": "RadiusTopLeft",
        "RuleProviderType": "Unknown"
      },
      {
        "Category": "Design",
        "PropertyName": "RadiusTopRight",
        "RuleProviderType": "Unknown"
      },
      {
        "Category": "Design",
        "PropertyName": "AutoDisableOnSelect",
        "RuleProviderType": "Unknown"
      },
      {
        "Category": "Design",
        "PropertyName": "FocusedBorderThickness",
        "RuleProviderType": "Unknown"
      },
      {
        "Category": "Design",
        "PropertyName": "TabIndex",
        "RuleProviderType": "Unknown"
      },
      {
        "Category": "Design",
        "PropertyName": "FocusedBorderColor",
        "RuleProviderType": "Unknown"
      },
      {
        "Category": "Behavior",
        "PropertyName": "OnSelect",
        "RuleProviderType": "Unknown"
      }
    ],
    "StyleName": "defaultButtonStyle",
    "Type": "ControlInfo"
  },
  "Button3_5": {
    "AllowAccessToGlobals": true,
    "ControlPropertyState": [
      {
        "AFDDataSourceName": "",
        "AutoRuleBindingEnabled": true,
        "AutoRuleBindingString": "",
        "InvariantPropertyName": "ZIndex",
        "IsLockable": false,
        "NameMapSourceSchema": "*[]"
      },
      {
        "AFDDataSourceName": "",
        "AutoRuleBindingEnabled": true,
        "AutoRuleBindingString": "",
        "InvariantPropertyName": "Color",
        "IsLockable": false,
        "NameMapSourceSchema": "*[]"
      },
      {
        "AFDDataSourceName": "",
        "AutoRuleBindingEnabled": true,
        "AutoRuleBindingString": "",
        "InvariantPropertyName": "DisabledColor",
        "IsLockable": false,
        "NameMapSourceSchema": "*[]"
      },
      {
        "AFDDataSourceName": "",
        "AutoRuleBindingEnabled": true,
        "AutoRuleBindingString": "",
        "InvariantPropertyName": "DisabledFill",
        "IsLockable": false,
        "NameMapSourceSchema": "*[]"
      },
      {
        "AFDDataSourceName": "",
        "AutoRuleBindingEnabled": false,
        "AutoRuleBindingString": "RGBA(62,96,170,1)",
        "InvariantPropertyName": "Fill",
        "IsLockable": false,
        "NameMapSourceSchema": "*[]"
      },
      {
        "AFDDataSourceName": "",
        "AutoRuleBindingEnabled": true,
        "AutoRuleBindingString": "",
        "InvariantPropertyName": "FontWeight",
        "IsLockable": false,
        "NameMapSourceSchema": "*[]"
      },
      {
        "AFDDataSourceName": "",
        "AutoRuleBindingEnabled": true,
        "AutoRuleBindingString": "",
        "InvariantPropertyName": "Size",
        "IsLockable": false,
        "NameMapSourceSchema": "*[]"
      },
      {
        "AFDDataSourceName": "",
        "AutoRuleBindingEnabled": true,
        "AutoRuleBindingString": "",
        "InvariantPropertyName": "X",
        "IsLockable": false,
        "NameMapSourceSchema": "*[]"
      },
      {
        "AFDDataSourceName": "",
        "AutoRuleBindingEnabled": true,
        "AutoRuleBindingString": "",
        "InvariantPropertyName": "Y",
        "IsLockable": false,
        "NameMapSourceSchema": "*[]"
      },
      {
        "AFDDataSourceName": "",
        "AutoRuleBindingEnabled": false,
        "AutoRuleBindingString": "98",
        "InvariantPropertyName": "Height",
        "IsLockable": false,
        "NameMapSourceSchema": "*[]"
      },
      {
        "AFDDataSourceName": "",
        "AutoRuleBindingEnabled": true,
        "AutoRuleBindingString": "",
        "InvariantPropertyName": "Width",
        "IsLockable": false,
        "NameMapSourceSchema": "*[]"
      },
      {
        "AFDDataSourceName": "",
        "AutoRuleBindingEnabled": false,
        "AutoRuleBindingString": "\"Button\"",
        "InvariantPropertyName": "Text",
        "IsLockable": false,
        "NameMapSourceSchema": "*[]"
      },
      {
        "AFDDataSourceName": "",
        "AutoRuleBindingEnabled": false,
        "AutoRuleBindingString": "10",
        "InvariantPropertyName": "RadiusBottomLeft",
        "IsLockable": false,
        "NameMapSourceSchema": "*[]"
      },
      {
        "AFDDataSourceName": "",
        "AutoRuleBindingEnabled": false,
        "AutoRuleBindingString": "10",
        "InvariantPropertyName": "RadiusBottomRight",
        "IsLockable": false,
        "NameMapSourceSchema": "*[]"
      },
      {
        "AFDDataSourceName": "",
        "AutoRuleBindingEnabled": false,
        "AutoRuleBindingString": "10",
        "InvariantPropertyName": "RadiusTopLeft",
        "IsLockable": false,
        "NameMapSourceSchema": "*[]"
      },
      {
        "AFDDataSourceName": "",
        "AutoRuleBindingEnabled": false,
        "AutoRuleBindingString": "10",
        "InvariantPropertyName": "RadiusTopRight",
        "IsLockable": false,
        "NameMapSourceSchema": "*[]"
      },
      {
        "AFDDataSourceName": "",
        "AutoRuleBindingEnabled": false,
        "AutoRuleBindingString": "ColorFade(Button3.Fill, 20%)",
        "InvariantPropertyName": "HoverFill",
        "IsLockable": false,
        "NameMapSourceSchema": "*[]"
      },
      {
        "AFDDataSourceName": "",
        "AutoRuleBindingEnabled": false,
        "AutoRuleBindingString": "ColorFade(Button3.BorderColor, 20%)",
        "InvariantPropertyName": "HoverBorderColor",
        "IsLockable": false,
        "NameMapSourceSchema": "*[]"
      },
      {
        "AFDDataSourceName": "",
        "AutoRuleBindingEnabled": false,
        "AutoRuleBindingString": "Button3.Color",
        "InvariantPropertyName": "PressedFill",
        "IsLockable": false,
        "NameMapSourceSchema": "*[]"
      },
      {
        "AFDDataSourceName": "",
        "AutoRuleBindingEnabled": false,
        "AutoRuleBindingString": "Button3.Fill",
        "InvariantPropertyName": "PressedColor",
        "IsLockable": false,
        "NameMapSourceSchema": "*[]"
      },
      {
        "AFDDataSourceName": "",
        "AutoRuleBindingEnabled": false,
        "AutoRuleBindingString": "false",
        "InvariantPropertyName": "OnSelect",
        "IsLockable": false,
        "NameMapSourceSchema": "*[]"
      },
      "AutoDisableOnSelect",
      "BorderColor",
      "DisabledBorderColor",
      "PressedBorderColor",
      "BorderStyle",
      "FocusedBorderThickness",
      "HoverColor",
      "Font",
      "Align",
      "VerticalAlign",
      "TabIndex",
      "DisplayMode",
      "FocusedBorderColor"
    ],
    "HasDynamicProperties": false,
    "IsAutoGenerated": false,
    "IsComponentDefinition": false,
    "IsDataControl": false,
    "IsFromScreenLayout": false,
    "IsGroupControl": false,
    "IsLocked": false,
    "LayoutName": "",
    "MetaDataIDKey": "",
    "Name": "Button3_5",
    "ParentIndex": 3,
    "PersistMetaDataIDKey": false,
    "Properties": [
      {
        "Category": "Data",
        "PropertyName": "Text",
        "RuleProviderType": "Unknown"
      },
      {
        "Category": "Design",
        "PropertyName": "DisplayMode",
        "RuleProviderType": "Unknown"
      },
      {
        "Category": "Design",
        "PropertyName": "ZIndex",
        "RuleProviderType": "Unknown"
      },
      {
        "Category": "Design",
        "PropertyName": "BorderColor",
        "RuleProviderType": "Unknown"
      },
      {
        "Category": "Design",
        "PropertyName": "DisabledBorderColor",
        "RuleProviderType": "Unknown"
      },
      {
        "Category": "Design",
        "PropertyName": "PressedBorderColor",
        "RuleProviderType": "Unknown"
      },
      {
        "Category": "Design",
        "PropertyName": "HoverBorderColor",
        "RuleProviderType": "Unknown"
      },
      {
        "Category": "Design",
        "PropertyName": "BorderStyle",
        "RuleProviderType": "Unknown"
      },
      {
        "Category": "Design",
        "PropertyName": "Color",
        "RuleProviderType": "Unknown"
      },
      {
        "Category": "Design",
        "PropertyName": "DisabledColor",
        "RuleProviderType": "Unknown"
      },
      {
        "Category": "Design",
        "PropertyName": "PressedColor",
        "RuleProviderType": "Unknown"
      },
      {
        "Category": "Design",
        "PropertyName": "HoverColor",
        "RuleProviderType": "Unknown"
      },
      {
        "Category": "Design",
        "PropertyName": "Fill",
        "RuleProviderType": "Unknown"
      },
      {
        "Category": "Design",
        "PropertyName": "DisabledFill",
        "RuleProviderType": "Unknown"
      },
      {
        "Category": "Design",
        "PropertyName": "PressedFill",
        "RuleProviderType": "Unknown"
      },
      {
        "Category": "Design",
        "PropertyName": "HoverFill",
        "RuleProviderType": "Unknown"
      },
      {
        "Category": "Design",
        "PropertyName": "Font",
        "RuleProviderType": "Unknown"
      },
      {
        "Category": "Design",
        "PropertyName": "FontWeight",
        "RuleProviderType": "Unknown"
      },
      {
        "Category": "Design",
        "PropertyName": "Align",
        "RuleProviderType": "Unknown"
      },
      {
        "Category": "Design",
        "PropertyName": "VerticalAlign",
        "RuleProviderType": "Unknown"
      },
      {
        "Category": "Design",
        "PropertyName": "X",
        "RuleProviderType": "Unknown"
      },
      {
        "Category": "Design",
        "PropertyName": "Y",
        "RuleProviderType": "Unknown"
      },
      {
        "Category": "Design",
        "PropertyName": "Width",
        "RuleProviderType": "Unknown"
      },
      {
        "Category": "Design",
        "PropertyName": "Height",
        "RuleProviderType": "Unknown"
      },
      {
        "Category": "Design",
        "PropertyName": "Size",
        "RuleProviderType": "Unknown"
      },
      {
        "Category": "Design",
        "PropertyName": "RadiusBottomLeft",
        "RuleProviderType": "Unknown"
      },
      {
        "Category": "Design",
        "PropertyName": "RadiusBottomRight",
        "RuleProviderType": "Unknown"
      },
      {
        "Category": "Design",
        "PropertyName": "RadiusTopLeft",
        "RuleProviderType": "Unknown"
      },
      {
        "Category": "Design",
        "PropertyName": "RadiusTopRight",
        "RuleProviderType": "Unknown"
      },
      {
        "Category": "Design",
        "PropertyName": "AutoDisableOnSelect",
        "RuleProviderType": "Unknown"
      },
      {
        "Category": "Design",
        "PropertyName": "FocusedBorderThickness",
        "RuleProviderType": "Unknown"
      },
      {
        "Category": "Design",
        "PropertyName": "TabIndex",
        "RuleProviderType": "Unknown"
      },
      {
        "Category": "Design",
        "PropertyName": "FocusedBorderColor",
        "RuleProviderType": "Unknown"
      },
      {
        "Category": "Behavior",
        "PropertyName": "OnSelect",
        "RuleProviderType": "Unknown"
      }
    ],
    "StyleName": "defaultButtonStyle",
    "Type": "ControlInfo"
  },
  "ConfirmationPage_1": {
    "AllowAccessToGlobals": true,
    "ControlPropertyState": [
      {
        "AFDDataSourceName": "",
        "AutoRuleBindingEnabled": true,
        "AutoRuleBindingString": "",
        "InvariantPropertyName": "Fill",
        "IsLockable": false,
        "NameMapSourceSchema": "*[]"
      },
      "BackgroundImage",
      "ImagePosition",
      "Height",
      "Width",
      "Size",
      "Orientation",
      "LoadingSpinner",
      "LoadingSpinnerColor"
    ],
    "IsAutoGenerated": false,
    "IsComponentDefinition": false,
    "IsDataControl": false,
    "IsFromScreenLayout": false,
    "IsGroupControl": false,
    "IsLocked": false,
    "LayoutName": "",
    "MetaDataIDKey": "",
    "Name": "ConfirmationPage_1",
    "ParentIndex": 0,
    "PersistMetaDataIDKey": false,
    "Properties": [
      {
        "Category": "Design",
        "PropertyName": "Width",
        "RuleProviderType": "Unknown"
      },
      {
        "Category": "Design",
        "PropertyName": "Height",
        "RuleProviderType": "Unknown"
      },
      {
        "Category": "Design",
        "PropertyName": "ImagePosition",
        "RuleProviderType": "Unknown"
      },
      {
        "Category": "Design",
        "PropertyName": "Fill",
        "RuleProviderType": "Unknown"
      },
      {
        "Category": "Design",
        "PropertyName": "LoadingSpinner",
        "RuleProviderType": "Unknown"
      },
      {
        "Category": "Design",
        "PropertyName": "LoadingSpinnerColor",
        "RuleProviderType": "Unknown"
      },
      {
        "Category": "Design",
        "PropertyName": "Size",
        "RuleProviderType": "Unknown"
      },
      {
        "Category": "Design",
        "PropertyName": "Orientation",
        "RuleProviderType": "Unknown"
      }
    ],
    "StyleName": "defaultScreenStyle",
    "Type": "ControlInfo"
  },
  "Group7_2": {
    "AllowAccessToGlobals": true,
    "ControlPropertyState": [
      {
        "AFDDataSourceName": "",
        "AutoRuleBindingEnabled": true,
        "AutoRuleBindingString": "",
        "InvariantPropertyName": "X",
        "IsLockable": false,
        "NameMapSourceSchema": "*[]"
      },
      {
        "AFDDataSourceName": "",
        "AutoRuleBindingEnabled": true,
        "AutoRuleBindingString": "",
        "InvariantPropertyName": "Y",
        "IsLockable": false,
        "NameMapSourceSchema": "*[]"
      },
      {
        "AFDDataSourceName": "",
        "AutoRuleBindingEnabled": true,
        "AutoRuleBindingString": "",
        "InvariantPropertyName": "Width",
        "IsLockable": false,
        "NameMapSourceSchema": "*[]"
      },
      {
        "AFDDataSourceName": "",
        "AutoRuleBindingEnabled": true,
        "AutoRuleBindingString": "",
        "InvariantPropertyName": "Height",
        "IsLockable": false,
        "NameMapSourceSchema": "*[]"
      },
      {
        "AFDDataSourceName": "",
        "AutoRuleBindingEnabled": true,
        "AutoRuleBindingString": "",
        "InvariantPropertyName": "ZIndex",
        "IsLockable": false,
        "NameMapSourceSchema": "*[]"
      }
    ],
    "HasDynamicProperties": false,
    "IsAutoGenerated": false,
    "IsComponentDefinition": false,
    "IsDataControl": false,
    "IsFromScreenLayout": false,
    "IsGroupControl": true,
    "IsLocked": false,
    "LayoutName": "",
    "MetaDataIDKey": "",
    "Name": "Group7_2",
    "ParentIndex": 4,
    "PersistMetaDataIDKey": false,
    "Properties": [
      {
        "Category": "Design",
        "PropertyName": "Width",
        "RuleProviderType": "Unknown"
      },
      {
        "Category": "Design",
        "PropertyName": "Height",
        "RuleProviderType": "Unknown"
      },
      {
        "Category": "Design",
        "PropertyName": "ZIndex",
        "RuleProviderType": "Unknown"
      },
      {
        "Category": "Design",
        "PropertyName": "X",
        "RuleProviderType": "Unknown"
      },
      {
        "Category": "Design",
        "PropertyName": "Y",
        "RuleProviderType": "Unknown"
      }
    ],
    "StyleName": "",
    "Type": "ControlInfo"
  },
  "Rectangle11_2": {
    "AllowAccessToGlobals": true,
    "ControlPropertyState": [
      {
        "AFDDataSourceName": "",
        "AutoRuleBindingEnabled": true,
        "AutoRuleBindingString": "",
        "InvariantPropertyName": "ZIndex",
        "IsLockable": false,
        "NameMapSourceSchema": "*[]"
      },
      {
        "AFDDataSourceName": "",
        "AutoRuleBindingEnabled": false,
        "AutoRuleBindingString": "RGBA(62,96,170,1)",
        "InvariantPropertyName": "Fill",
        "IsLockable": false,
        "NameMapSourceSchema": "*[]"
      },
      {
        "AFDDataSourceName": "",
        "AutoRuleBindingEnabled": true,
        "AutoRuleBindingString": "",
        "InvariantPropertyName": "X",
        "IsLockable": false,
        "NameMapSourceSchema": "*[]"
      },
      {
        "AFDDataSourceName": "",
        "AutoRuleBindingEnabled": true,
        "AutoRuleBindingString": "",
        "InvariantPropertyName": "Y",
        "IsLockable": false,
        "NameMapSourceSchema": "*[]"
      },
      {
        "AFDDataSourceName": "",
        "AutoRuleBindingEnabled": true,
        "AutoRuleBindingString": "",
        "InvariantPropertyName": "Height",
        "IsLockable": false,
        "NameMapSourceSchema": "*[]"
      },
      {
        "AFDDataSourceName": "",
        "AutoRuleBindingEnabled": true,
        "AutoRuleBindingString": "",
        "InvariantPropertyName": "Width",
        "IsLockable": false,
        "NameMapSourceSchema": "*[]"
      },
      "DisabledFill",
      "PressedFill",
      "HoverFill",
      "BorderColor",
      "BorderStyle",
      "FocusedBorderThickness",
      "TabIndex",
      "Tooltip",
      "DisplayMode",
      "AccessibleLabel",
      "FocusedBorderColor"
    ],
    "HasDynamicProperties": false,
    "IsAutoGenerated": false,
    "IsComponentDefinition": false,
    "IsDataControl": false,
    "IsFromScreenLayout": false,
    "IsGroupControl": false,
    "IsLocked": false,
    "LayoutName": "",
    "MetaDataIDKey": "",
    "Name": "Rectangle11_2",
    "ParentIndex": 0,
    "PersistMetaDataIDKey": false,
    "Properties": [
      {
        "Category": "Data",
        "PropertyName": "Tooltip",
        "RuleProviderType": "Unknown"
      },
      {
        "Category": "Data",
        "PropertyName": "AccessibleLabel",
        "RuleProviderType": "Unknown"
      },
      {
        "Category": "Design",
        "PropertyName": "ZIndex",
        "RuleProviderType": "Unknown"
      },
      {
        "Category": "Design",
        "PropertyName": "Fill",
        "RuleProviderType": "Unknown"
      },
      {
        "Category": "Design",
        "PropertyName": "DisabledFill",
        "RuleProviderType": "Unknown"
      },
      {
        "Category": "Design",
        "PropertyName": "PressedFill",
        "RuleProviderType": "Unknown"
      },
      {
        "Category": "Design",
        "PropertyName": "HoverFill",
        "RuleProviderType": "Unknown"
      },
      {
        "Category": "Design",
        "PropertyName": "BorderColor",
        "RuleProviderType": "Unknown"
      },
      {
        "Category": "Design",
        "PropertyName": "BorderStyle",
        "RuleProviderType": "Unknown"
      },
      {
        "Category": "Design",
        "PropertyName": "X",
        "RuleProviderType": "Unknown"
      },
      {
        "Category": "Design",
        "PropertyName": "Y",
        "RuleProviderType": "Unknown"
      },
      {
        "Category": "Design",
        "PropertyName": "Width",
        "RuleProviderType": "Unknown"
      },
      {
        "Category": "Design",
        "PropertyName": "Height",
        "RuleProviderType": "Unknown"
      },
      {
        "Category": "Design",
        "PropertyName": "FocusedBorderThickness",
        "RuleProviderType": "Unknown"
      },
      {
        "Category": "Design",
        "PropertyName": "TabIndex",
        "RuleProviderType": "Unknown"
      },
      {
        "Category": "Design",
        "PropertyName": "DisplayMode",
        "RuleProviderType": "Unknown"
      },
      {
        "Category": "Design",
        "PropertyName": "FocusedBorderColor",
        "RuleProviderType": "Unknown"
      }
    ],
    "StyleName": "defaultRectangleStyle",
    "Type": "ControlInfo"
  },
  "TextBox12_2": {
    "AllowAccessToGlobals": true,
    "ControlPropertyState": [
      {
        "AFDDataSourceName": "",
        "AutoRuleBindingEnabled": true,
        "AutoRuleBindingString": "",
        "InvariantPropertyName": "ZIndex",
        "IsLockable": false,
        "NameMapSourceSchema": "*[]"
      },
      {
        "AFDDataSourceName": "",
        "AutoRuleBindingEnabled": false,
        "AutoRuleBindingString": "RGBA(47,41,43,1)",
        "InvariantPropertyName": "Color",
        "IsLockable": false,
        "NameMapSourceSchema": "*[]"
      },
      {
        "AFDDataSourceName": "",
        "AutoRuleBindingEnabled": true,
        "AutoRuleBindingString": "",
        "InvariantPropertyName": "DisabledColor",
        "IsLockable": false,
        "NameMapSourceSchema": "*[]"
      },
      {
        "AFDDataSourceName": "",
        "AutoRuleBindingEnabled": false,
        "AutoRuleBindingString": "21",
        "InvariantPropertyName": "Size",
        "IsLockable": false,
        "NameMapSourceSchema": "*[]"
      },
      {
        "AFDDataSourceName": "",
        "AutoRuleBindingEnabled": true,
        "AutoRuleBindingString": "",
        "InvariantPropertyName": "X",
        "IsLockable": false,
        "NameMapSourceSchema": "*[]"
      },
      {
        "AFDDataSourceName": "",
        "AutoRuleBindingEnabled": true,
        "AutoRuleBindingString": "",
        "InvariantPropertyName": "Y",
        "IsLockable": false,
        "NameMapSourceSchema": "*[]"
      },
      {
        "AFDDataSourceName": "",
        "AutoRuleBindingEnabled": false,
        "AutoRuleBindingString": "\"Text\"",
        "InvariantPropertyName": "Text",
        "IsLockable": false,
        "NameMapSourceSchema": "*[]"
      },
      {
        "AFDDataSourceName": "",
        "AutoRuleBindingEnabled": true,
        "AutoRuleBindingString": "",
        "InvariantPropertyName": "Height",
        "IsLockable": false,
        "NameMapSourceSchema": "*[]"
      },
      {
        "AFDDataSourceName": "",
        "AutoRuleBindingEnabled": false,
        "AutoRuleBindingString": "Align.Left",
        "InvariantPropertyName": "Align",
        "IsLockable": false,
        "NameMapSourceSchema": "*[]"
      },
      {
        "AFDDataSourceName": "",
        "AutoRuleBindingEnabled": true,
        "AutoRuleBindingString": "",
        "InvariantPropertyName": "Width",
        "IsLockable": false,
        "NameMapSourceSchema": "*[]"
      },
      "Font",
      "VerticalAlign",
      "Overflow",
      "PressedColor",
      "HoverColor",
      "BorderColor",
      "DisabledBorderColor",
      "PressedBorderColor",
      "HoverBorderColor",
      "BorderStyle",
      "Fill",
      "DisabledFill",
      "PressedFill",
      "HoverFill",
      "FontWeight",
      "FocusedBorderThickness",
      "DisplayMode",
      "TabIndex",
      "Live",
      "IsErrorMessage",
      "Role",
      "FocusedBorderColor"
    ],
    "HasDynamicProperties": false,
    "IsAutoGenerated": false,
    "IsComponentDefinition": false,
    "IsDataControl": false,
    "IsFromScreenLayout": false,
    "IsGroupControl": false,
    "IsLocked": false,
    "LayoutName": "",
    "MetaDataIDKey": "",
    "Name": "TextBox12_2",
    "ParentIndex": 1,
    "PersistMetaDataIDKey": false,
    "Properties": [
      {
        "Category": "Data",
        "PropertyName": "Text",
        "RuleProviderType": "Unknown"
      },
      {
        "Category": "Data",
        "PropertyName": "Live",
        "RuleProviderType": "Unknown"
      },
      {
        "Category": "Data",
        "PropertyName": "Role",
        "RuleProviderType": "Unknown"
      },
      {
        "Category": "Design",
        "PropertyName": "ZIndex",
        "RuleProviderType": "Unknown"
      },
      {
        "Category": "Design",
        "PropertyName": "Overflow",
        "RuleProviderType": "Unknown"
      },
      {
        "Category": "Design",
        "PropertyName": "Color",
        "RuleProviderType": "Unknown"
      },
      {
        "Category": "Design",
        "PropertyName": "DisabledColor",
        "RuleProviderType": "Unknown"
      },
      {
        "Category": "Design",
        "PropertyName": "PressedColor",
        "RuleProviderType": "Unknown"
      },
      {
        "Category": "Design",
        "PropertyName": "HoverColor",
        "RuleProviderType": "Unknown"
      },
      {
        "Category": "Design",
        "PropertyName": "BorderColor",
        "RuleProviderType": "Unknown"
      },
      {
        "Category": "Design",
        "PropertyName": "DisabledBorderColor",
        "RuleProviderType": "Unknown"
      },
      {
        "Category": "Design",
        "PropertyName": "PressedBorderColor",
        "RuleProviderType": "Unknown"
      },
      {
        "Category": "Design",
        "PropertyName": "HoverBorderColor",
        "RuleProviderType": "Unknown"
      },
      {
        "Category": "Design",
        "PropertyName": "BorderStyle",
        "RuleProviderType": "Unknown"
      },
      {
        "Category": "Design",
        "PropertyName": "Fill",
        "RuleProviderType": "Unknown"
      },
      {
        "Category": "Design",
        "PropertyName": "DisabledFill",
        "RuleProviderType": "Unknown"
      },
      {
        "Category": "Design",
        "PropertyName": "PressedFill",
        "RuleProviderType": "Unknown"
      },
      {
        "Category": "Design",
        "PropertyName": "HoverFill",
        "RuleProviderType": "Unknown"
      },
      {
        "Category": "Design",
        "PropertyName": "Font",
        "RuleProviderType": "Unknown"
      },
      {
        "Category": "Design",
        "PropertyName": "FontWeight",
        "RuleProviderType": "Unknown"
      },
      {
        "Category": "Design",
        "PropertyName": "Align",
        "RuleProviderType": "Unknown"
      },
      {
        "Category": "Design",
        "PropertyName": "VerticalAlign",
        "RuleProviderType": "Unknown"
      },
      {
        "Category": "Design",
        "PropertyName": "X",
        "RuleProviderType": "Unknown"
      },
      {
        "Category": "Design",
        "PropertyName": "Y",
        "RuleProviderType": "Unknown"
      },
      {
        "Category": "Design",
        "PropertyName": "Width",
        "RuleProviderType": "Unknown"
      },
      {
        "Category": "Design",
        "PropertyName": "Height",
        "RuleProviderType": "Unknown"
      },
      {
        "Category": "Design",
        "PropertyName": "Size",
        "RuleProviderType": "Unknown"
      },
      {
        "Category": "Design",
        "PropertyName": "FocusedBorderThickness",
        "RuleProviderType": "Unknown"
      },
      {
        "Category": "Design",
        "PropertyName": "TabIndex",
        "RuleProviderType": "Unknown"
      },
      {
        "Category": "Design",
        "PropertyName": "DisplayMode",
        "RuleProviderType": "Unknown"
      },
      {
        "Category": "Design",
        "PropertyName": "IsErrorMessage",
        "RuleProviderType": "Unknown"
      },
      {
        "Category": "Design",
        "PropertyName": "FocusedBorderColor",
        "RuleProviderType": "Unknown"
      }
    ],
    "StyleName": "defaultLabelStyle",
    "Type": "ControlInfo"
  }
}