{
  "Filter_Gallery": {
    "AllowAccessToGlobals": true,
    "ControlPropertyState": [
      {
        "AFDDataSourceName": "",
        "AutoRuleBindingEnabled": true,
        "AutoRuleBindingString": "",
        "InvariantPropertyName": "ZIndex",
        "IsLockable": false,
        "NameMapSourceSchema": "*[]"
      },
      {
        "AFDDataSourceName": "",
        "AutoRuleBindingEnabled": false,
        "AutoRuleBindingString": "CustomGallerySample",
        "InvariantPropertyName": "Items",
        "IsLockable": false,
        "NameMapSourceSchema": "*[]"
      },
      {
        "AFDDataSourceName": "",
        "AutoRuleBindingEnabled": true,
        "AutoRuleBindingString": "",
        "InvariantPropertyName": "X",
        "IsLockable": false,
        "NameMapSourceSchema": "*[]"
      },
      {
        "AFDDataSourceName": "",
        "AutoRuleBindingEnabled": true,
        "AutoRuleBindingString": "",
        "InvariantPropertyName": "Y",
        "IsLockable": false,
        "NameMapSourceSchema": "*[]"
      },
      {
        "AFDDataSourceName": "",
        "AutoRuleBindingEnabled": true,
        "AutoRuleBindingString": "",
        "InvariantPropertyName": "Width",
        "IsLockable": false,
        "NameMapSourceSchema": "*[]"
      },
      {
        "AFDDataSourceName": "",
        "AutoRuleBindingEnabled": true,
        "AutoRuleBindingString": "",
        "InvariantPropertyName": "Height",
        "IsLockable": false,
        "NameMapSourceSchema": "*[]"
      },
      {
        "AFDDataSourceName": "",
        "AutoRuleBindingEnabled": false,
        "AutoRuleBindingString": "5",
        "InvariantPropertyName": "TemplatePadding",
        "IsLockable": false,
        "NameMapSourceSchema": "*[]"
      },
      {
        "AFDDataSourceName": "",
        "AutoRuleBindingEnabled": false,
        "AutoRuleBindingString": "280",
        "InvariantPropertyName": "TemplateSize",
        "IsLockable": false,
        "NameMapSourceSchema": "*[]"
      },
      {
        "AFDDataSourceName": "",
        "AutoRuleBindingEnabled": false,
        "AutoRuleBindingString": "true",
        "InvariantPropertyName": "ShowScrollbar",
        "IsLockable": false,
        "NameMapSourceSchema": "*[]"
      },
      {
        "AFDDataSourceName": "",
        "AutoRuleBindingEnabled": true,
        "AutoRuleBindingString": "",
        "InvariantPropertyName": "BorderStyle",
        "IsLockable": false,
        "NameMapSourceSchema": "*[]"
      },
      {
        "AFDDataSourceName": "",
        "AutoRuleBindingEnabled": true,
        "AutoRuleBindingString": "",
        "InvariantPropertyName": "Layout",
        "IsLockable": false,
        "NameMapSourceSchema": "*[]"
      },
      {
        "AFDDataSourceName": "",
        "AutoRuleBindingEnabled": true,
        "AutoRuleBindingString": "",
        "InvariantPropertyName": "Transition",
        "IsLockable": false,
        "NameMapSourceSchema": "*[]"
      },
      {
        "AFDDataSourceName": "",
        "AutoRuleBindingEnabled": false,
        "AutoRuleBindingString": "",
        "InvariantPropertyName": "Default",
        "IsLockable": false,
        "NameMapSourceSchema": "*[]"
      },
      "BorderColor",
      "DisabledBorderColor",
      "PressedBorderColor",
      "HoverBorderColor",
      "Fill",
      "DisabledFill",
      "PressedFill",
      "HoverFill",
      "DisplayMode",
      "Selectable",
      "TemplateMaximumWidth",
      "Reset",
      "AutoHeight",
      "DelayItemLoading",
      "LoadingSpinner",
      "LoadingSpinnerColor",
      "AccessibleLabel",
      "FocusedBorderColor",
      "FocusedBorderThickness",
      "TabIndex"
    ],
    "GalleryTemplateChildName": "galleryTemplate1_3",
    "HasDynamicProperties": false,
    "IsAutoGenerated": false,
    "IsComponentDefinition": false,
    "IsDataControl": false,
    "IsFromScreenLayout": false,
    "IsGroupControl": false,
    "IsLocked": false,
    "LayoutName": "",
    "MetaDataIDKey": "",
    "Name": "Filter_Gallery",
    "ParentIndex": 6,
    "PersistMetaDataIDKey": false,
    "Properties": [
      {
        "Category": "Data",
        "PropertyName": "Items",
        "RuleProviderType": "Unknown"
      },
      {
        "Category": "Data",
        "PropertyName": "Default",
        "RuleProviderType": "Unknown"
      },
      {
        "Category": "Data",
        "PropertyName": "AccessibleLabel",
        "RuleProviderType": "Unknown"
      },
      {
        "Category": "Data",
        "PropertyName": "Reset",
        "RuleProviderType": "Unknown"
      },
      {
        "Category": "Data",
        "PropertyName": "Selectable",
        "RuleProviderType": "Unknown"
      },
      {
        "Category": "Design",
        "PropertyName": "PressedFill",
        "RuleProviderType": "Unknown"
      },
      {
        "Category": "Design",
        "PropertyName": "Y",
        "RuleProviderType": "Unknown"
      },
      {
        "Category": "Design",
        "PropertyName": "HoverBorderColor",
        "RuleProviderType": "Unknown"
      },
      {
        "Category": "Design",
        "PropertyName": "X",
        "RuleProviderType": "Unknown"
      },
      {
        "Category": "Design",
        "PropertyName": "Fill",
        "RuleProviderType": "Unknown"
      },
      {
        "Category": "Design",
        "PropertyName": "BorderStyle",
        "RuleProviderType": "Unknown"
      },
      {
        "Category": "Design",
        "PropertyName": "BorderColor",
        "RuleProviderType": "Unknown"
      },
      {
        "Category": "Design",
        "PropertyName": "ShowScrollbar",
        "RuleProviderType": "Unknown"
      },
      {
        "Category": "Design",
        "PropertyName": "TemplatePadding",
        "RuleProviderType": "Unknown"
      },
      {
        "Category": "Design",
        "PropertyName": "TemplateSize",
        "RuleProviderType": "Unknown"
      },
      {
        "Category": "Design",
        "PropertyName": "Transition",
        "RuleProviderType": "Unknown"
      },
      {
        "Category": "Design",
        "PropertyName": "ZIndex",
        "RuleProviderType": "Unknown"
      },
      {
        "Category": "Design",
        "PropertyName": "Height",
        "RuleProviderType": "Unknown"
      },
      {
        "Category": "Design",
        "PropertyName": "Width",
        "RuleProviderType": "Unknown"
      },
      {
        "Category": "Design",
        "PropertyName": "Layout",
        "RuleProviderType": "Unknown"
      },
      {
        "Category": "Design",
        "PropertyName": "HoverFill",
        "RuleProviderType": "Unknown"
      },
      {
        "Category": "Design",
        "PropertyName": "PressedBorderColor",
        "RuleProviderType": "Unknown"
      },
      {
        "Category": "Design",
        "PropertyName": "DisabledBorderColor",
        "RuleProviderType": "Unknown"
      },
      {
        "Category": "Design",
        "PropertyName": "DisabledFill",
        "RuleProviderType": "Unknown"
      },
      {
        "Category": "Design",
        "PropertyName": "DisplayMode",
        "RuleProviderType": "Unknown"
      },
      {
        "Category": "Design",
        "PropertyName": "TemplateMaximumWidth",
        "RuleProviderType": "Unknown"
      },
      {
        "Category": "Design",
        "PropertyName": "AutoHeight",
        "RuleProviderType": "Unknown"
      },
      {
        "Category": "Design",
        "PropertyName": "DelayItemLoading",
        "RuleProviderType": "Unknown"
      },
      {
        "Category": "Design",
        "PropertyName": "LoadingSpinner",
        "RuleProviderType": "Unknown"
      },
      {
        "Category": "Design",
        "PropertyName": "LoadingSpinnerColor",
        "RuleProviderType": "Unknown"
      },
      {
        "Category": "Design",
        "PropertyName": "TabIndex",
        "RuleProviderType": "Unknown"
      },
      {
        "Category": "Design",
        "PropertyName": "FocusedBorderColor",
        "RuleProviderType": "Unknown"
      },
      {
        "Category": "Design",
        "PropertyName": "FocusedBorderThickness",
        "RuleProviderType": "Unknown"
      }
    ],
    "StyleName": "",
    "Type": "ControlInfo"
  },
  "FilterPage": {
    "AllowAccessToGlobals": true,
    "ControlPropertyState": [
      {
        "AFDDataSourceName": "",
        "AutoRuleBindingEnabled": false,
        "AutoRuleBindingString": "Collect(Photoscollect,Photos);Collect(Roomcollect,Rooms);ClearCollect(Jobscollect,Jobs)",
        "InvariantPropertyName": "OnVisible",
        "IsLockable": false,
        "NameMapSourceSchema": "*[]"
      },
      "BackgroundImage",
      "Fill",
      "ImagePosition",
      "Height",
      "Width",
      "Size",
      "Orientation",
      "LoadingSpinner",
      "LoadingSpinnerColor"
    ],
    "IsAutoGenerated": false,
    "IsComponentDefinition": false,
    "IsDataControl": false,
    "IsFromScreenLayout": false,
    "IsGroupControl": false,
    "IsLocked": false,
    "LayoutName": "",
    "MetaDataIDKey": "",
    "Name": "FilterPage",
    "ParentIndex": 0,
    "PersistMetaDataIDKey": false,
    "Properties": [
      {
        "Category": "Design",
        "PropertyName": "ImagePosition",
        "RuleProviderType": "Unknown"
      },
      {
        "Category": "Design",
        "PropertyName": "Height",
        "RuleProviderType": "Unknown"
      },
      {
        "Category": "Design",
        "PropertyName": "Width",
        "RuleProviderType": "Unknown"
      },
      {
        "Category": "Design",
        "PropertyName": "Fill",
        "RuleProviderType": "Unknown"
      },
      {
        "Category": "Design",
        "PropertyName": "LoadingSpinner",
        "RuleProviderType": "Unknown"
      },
      {
        "Category": "Design",
        "PropertyName": "LoadingSpinnerColor",
        "RuleProviderType": "Unknown"
      },
      {
        "Category": "Design",
        "PropertyName": "Size",
        "RuleProviderType": "Unknown"
      },
      {
        "Category": "Design",
        "PropertyName": "Orientation",
        "RuleProviderType": "Unknown"
      },
      {
        "Category": "Behavior",
        "PropertyName": "OnVisible",
        "RuleProviderType": "Unknown"
      }
    ],
    "StyleName": "",
    "Type": "ControlInfo"
  },
  "galleryTemplate1_3": {
    "AllowAccessToGlobals": true,
    "ControlPropertyState": [
      "TemplateFill",
      "ItemAccessibleLabel",
      "OnSelect"
    ],
    "HasDynamicProperties": false,
    "IsAutoGenerated": false,
    "IsComponentDefinition": false,
    "IsDataControl": true,
    "IsFromScreenLayout": false,
    "IsGroupControl": false,
    "IsLocked": false,
    "LayoutName": "",
    "MetaDataIDKey": "",
    "Name": "galleryTemplate1_3",
    "ParentIndex": 0,
    "PersistMetaDataIDKey": false,
    "Properties": [
      {
        "Category": "Data",
        "PropertyName": "ItemAccessibleLabel",
        "RuleProviderType": "Unknown"
      },
      {
        "Category": "Design",
        "PropertyName": "TemplateFill",
        "RuleProviderType": "Unknown"
      },
      {
        "Category": "Behavior",
        "PropertyName": "OnSelect",
        "RuleProviderType": "Unknown"
      }
    ],
    "StyleName": "",
    "Type": "ControlInfo"
  },
  "Group1_1": {
    "AllowAccessToGlobals": true,
    "ControlPropertyState": [
      {
        "AFDDataSourceName": "",
        "AutoRuleBindingEnabled": true,
        "AutoRuleBindingString": "",
        "InvariantPropertyName": "X",
        "IsLockable": false,
        "NameMapSourceSchema": "*[]"
      },
      {
        "AFDDataSourceName": "",
        "AutoRuleBindingEnabled": true,
        "AutoRuleBindingString": "",
        "InvariantPropertyName": "Y",
        "IsLockable": false,
        "NameMapSourceSchema": "*[]"
      },
      {
        "AFDDataSourceName": "",
        "AutoRuleBindingEnabled": true,
        "AutoRuleBindingString": "",
        "InvariantPropertyName": "Width",
        "IsLockable": false,
        "NameMapSourceSchema": "*[]"
      },
      {
        "AFDDataSourceName": "",
        "AutoRuleBindingEnabled": true,
        "AutoRuleBindingString": "",
        "InvariantPropertyName": "Height",
        "IsLockable": false,
        "NameMapSourceSchema": "*[]"
      },
      {
        "AFDDataSourceName": "",
        "AutoRuleBindingEnabled": true,
        "AutoRuleBindingString": "",
        "InvariantPropertyName": "ZIndex",
        "IsLockable": false,
        "NameMapSourceSchema": "*[]"
      }
    ],
    "HasDynamicProperties": false,
    "IsAutoGenerated": false,
    "IsComponentDefinition": false,
    "IsDataControl": false,
    "IsFromScreenLayout": false,
    "IsGroupControl": true,
    "IsLocked": false,
    "LayoutName": "",
    "MetaDataIDKey": "",
    "Name": "Group1_1",
    "ParentIndex": 7,
    "PersistMetaDataIDKey": false,
    "Properties": [
      {
        "Category": "Design",
        "PropertyName": "Width",
        "RuleProviderType": "Unknown"
      },
      {
        "Category": "Design",
        "PropertyName": "Height",
        "RuleProviderType": "Unknown"
      },
      {
        "Category": "Design",
        "PropertyName": "ZIndex",
        "RuleProviderType": "Unknown"
      },
      {
        "Category": "Design",
        "PropertyName": "X",
        "RuleProviderType": "Unknown"
      },
      {
        "Category": "Design",
        "PropertyName": "Y",
        "RuleProviderType": "Unknown"
      }
    ],
    "StyleName": "",
    "Type": "ControlInfo"
  },
  "Group12_1": {
    "AllowAccessToGlobals": true,
    "ControlPropertyState": [
      {
        "AFDDataSourceName": "",
        "AutoRuleBindingEnabled": true,
        "AutoRuleBindingString": "",
        "InvariantPropertyName": "X",
        "IsLockable": false,
        "NameMapSourceSchema": "*[]"
      },
      {
        "AFDDataSourceName": "",
        "AutoRuleBindingEnabled": true,
        "AutoRuleBindingString": "",
        "InvariantPropertyName": "Y",
        "IsLockable": false,
        "NameMapSourceSchema": "*[]"
      },
      {
        "AFDDataSourceName": "",
        "AutoRuleBindingEnabled": true,
        "AutoRuleBindingString": "",
        "InvariantPropertyName": "Width",
        "IsLockable": false,
        "NameMapSourceSchema": "*[]"
      },
      {
        "AFDDataSourceName": "",
        "AutoRuleBindingEnabled": true,
        "AutoRuleBindingString": "",
        "InvariantPropertyName": "Height",
        "IsLockable": false,
        "NameMapSourceSchema": "*[]"
      },
      {
        "AFDDataSourceName": "",
        "AutoRuleBindingEnabled": true,
        "AutoRuleBindingString": "",
        "InvariantPropertyName": "ZIndex",
        "IsLockable": false,
        "NameMapSourceSchema": "*[]"
      }
    ],
    "HasDynamicProperties": false,
    "IsAutoGenerated": false,
    "IsComponentDefinition": false,
    "IsDataControl": false,
    "IsFromScreenLayout": false,
    "IsGroupControl": true,
    "IsLocked": false,
    "LayoutName": "",
    "MetaDataIDKey": "",
    "Name": "Group12_1",
    "ParentIndex": 8,
    "PersistMetaDataIDKey": false,
    "Properties": [
      {
        "Category": "Design",
        "PropertyName": "Width",
        "RuleProviderType": "Unknown"
      },
      {
        "Category": "Design",
        "PropertyName": "Height",
        "RuleProviderType": "Unknown"
      },
      {
        "Category": "Design",
        "PropertyName": "ZIndex",
        "RuleProviderType": "Unknown"
      },
      {
        "Category": "Design",
        "PropertyName": "X",
        "RuleProviderType": "Unknown"
      },
      {
        "Category": "Design",
        "PropertyName": "Y",
        "RuleProviderType": "Unknown"
      }
    ],
    "StyleName": "",
    "Type": "ControlInfo"
  },
  "icon1_1": {
    "AllowAccessToGlobals": true,
    "ControlPropertyState": [
      "Icon",
      {
        "AFDDataSourceName": "",
        "AutoRuleBindingEnabled": true,
        "AutoRuleBindingString": "",
        "InvariantPropertyName": "DisabledColor",
        "IsLockable": false,
        "NameMapSourceSchema": "*[]"
      },
      {
        "AFDDataSourceName": "",
        "AutoRuleBindingEnabled": true,
        "AutoRuleBindingString": "",
        "InvariantPropertyName": "X",
        "IsLockable": false,
        "NameMapSourceSchema": "*[]"
      },
      {
        "AFDDataSourceName": "",
        "AutoRuleBindingEnabled": true,
        "AutoRuleBindingString": "",
        "InvariantPropertyName": "Y",
        "IsLockable": false,
        "NameMapSourceSchema": "*[]"
      },
      {
        "AFDDataSourceName": "",
        "AutoRuleBindingEnabled": true,
        "AutoRuleBindingString": "",
        "InvariantPropertyName": "ZIndex",
        "IsLockable": false,
        "NameMapSourceSchema": "*[]"
      },
      {
        "AFDDataSourceName": "",
        "AutoRuleBindingEnabled": false,
        "AutoRuleBindingString": "false",
        "InvariantPropertyName": "OnSelect",
        "IsLockable": false,
        "NameMapSourceSchema": "*[]"
      },
      {
        "AFDDataSourceName": "",
        "AutoRuleBindingEnabled": false,
        "AutoRuleBindingString": "32",
        "InvariantPropertyName": "Height",
        "IsLockable": false,
        "NameMapSourceSchema": "*[]"
      },
      {
        "AFDDataSourceName": "",
        "AutoRuleBindingEnabled": false,
        "AutoRuleBindingString": "32",
        "InvariantPropertyName": "Width",
        "IsLockable": false,
        "NameMapSourceSchema": "*[]"
      },
      {
        "AFDDataSourceName": "",
        "AutoRuleBindingEnabled": false,
        "AutoRuleBindingString": "RGBA(101,128,187,1)",
        "InvariantPropertyName": "Color",
        "IsLockable": false,
        "NameMapSourceSchema": "*[]"
      },
      "AutoDisableOnSelect",
      "PressedColor",
      "HoverColor",
      "Fill",
      "DisabledFill",
      "PressedFill",
      "HoverFill",
      "PaddingTop",
      "PaddingRight",
      "PaddingBottom",
      "PaddingLeft",
      "TabIndex",
      "Tooltip",
      "BorderStyle",
      "BorderColor",
      "DisabledBorderColor",
      "PressedBorderColor",
      "HoverBorderColor",
      "BorderThickness",
      "FocusedBorderThickness",
      "DisplayMode",
      "Rotation",
      "AccessibleLabel",
      "FocusedBorderColor"
    ],
    "HasDynamicProperties": false,
    "IsAutoGenerated": false,
    "IsComponentDefinition": false,
    "IsDataControl": false,
    "IsFromScreenLayout": false,
    "IsGroupControl": false,
    "IsLocked": false,
    "LayoutName": "",
    "MetaDataIDKey": "",
    "Name": "icon1_1",
    "ParentIndex": 4,
    "PersistMetaDataIDKey": false,
    "Properties": [
      {
        "Category": "Data",
        "PropertyName": "Tooltip",
        "RuleProviderType": "Unknown"
      },
      {
        "Category": "Data",
        "PropertyName": "AccessibleLabel",
        "RuleProviderType": "Unknown"
      },
      {
        "Category": "Design",
        "PropertyName": "Icon",
        "RuleProviderType": "Unknown"
      },
      {
        "Category": "Design",
        "PropertyName": "ZIndex",
        "RuleProviderType": "Unknown"
      },
      {
        "Category": "Design",
        "PropertyName": "HoverFill",
        "RuleProviderType": "Unknown"
      },
      {
        "Category": "Design",
        "PropertyName": "PressedFill",
        "RuleProviderType": "Unknown"
      },
      {
        "Category": "Design",
        "PropertyName": "DisabledFill",
        "RuleProviderType": "Unknown"
      },
      {
        "Category": "Design",
        "PropertyName": "Fill",
        "RuleProviderType": "Unknown"
      },
      {
        "Category": "Design",
        "PropertyName": "X",
        "RuleProviderType": "Unknown"
      },
      {
        "Category": "Design",
        "PropertyName": "Y",
        "RuleProviderType": "Unknown"
      },
      {
        "Category": "Design",
        "PropertyName": "Width",
        "RuleProviderType": "Unknown"
      },
      {
        "Category": "Design",
        "PropertyName": "Height",
        "RuleProviderType": "Unknown"
      },
      {
        "Category": "Design",
        "PropertyName": "Color",
        "RuleProviderType": "Unknown"
      },
      {
        "Category": "Design",
        "PropertyName": "DisabledColor",
        "RuleProviderType": "Unknown"
      },
      {
        "Category": "Design",
        "PropertyName": "PressedColor",
        "RuleProviderType": "Unknown"
      },
      {
        "Category": "Design",
        "PropertyName": "HoverColor",
        "RuleProviderType": "Unknown"
      },
      {
        "Category": "Design",
        "PropertyName": "PaddingTop",
        "RuleProviderType": "Unknown"
      },
      {
        "Category": "Design",
        "PropertyName": "PaddingBottom",
        "RuleProviderType": "Unknown"
      },
      {
        "Category": "Design",
        "PropertyName": "PaddingLeft",
        "RuleProviderType": "Unknown"
      },
      {
        "Category": "Design",
        "PropertyName": "PaddingRight",
        "RuleProviderType": "Unknown"
      },
      {
        "Category": "Design",
        "PropertyName": "BorderStyle",
        "RuleProviderType": "Unknown"
      },
      {
        "Category": "Design",
        "PropertyName": "BorderColor",
        "RuleProviderType": "Unknown"
      },
      {
        "Category": "Design",
        "PropertyName": "DisabledBorderColor",
        "RuleProviderType": "Unknown"
      },
      {
        "Category": "Design",
        "PropertyName": "PressedBorderColor",
        "RuleProviderType": "Unknown"
      },
      {
        "Category": "Design",
        "PropertyName": "HoverBorderColor",
        "RuleProviderType": "Unknown"
      },
      {
        "Category": "Design",
        "PropertyName": "BorderThickness",
        "RuleProviderType": "Unknown"
      },
      {
        "Category": "Design",
        "PropertyName": "FocusedBorderThickness",
        "RuleProviderType": "Unknown"
      },
      {
        "Category": "Design",
        "PropertyName": "AutoDisableOnSelect",
        "RuleProviderType": "Unknown"
      },
      {
        "Category": "Design",
        "PropertyName": "TabIndex",
        "RuleProviderType": "Unknown"
      },
      {
        "Category": "Design",
        "PropertyName": "DisplayMode",
        "RuleProviderType": "Unknown"
      },
      {
        "Category": "Design",
        "PropertyName": "Rotation",
        "RuleProviderType": "Unknown"
      },
      {
        "Category": "Design",
        "PropertyName": "FocusedBorderColor",
        "RuleProviderType": "Unknown"
      },
      {
        "Category": "Behavior",
        "PropertyName": "OnSelect",
        "RuleProviderType": "Unknown"
      }
    ],
    "StyleName": "defaultIconStyle",
    "Type": "ControlInfo"
  },
  "icon2_2": {
    "AllowAccessToGlobals": true,
    "ControlPropertyState": [
      {
        "AFDDataSourceName": "",
        "AutoRuleBindingEnabled": true,
        "AutoRuleBindingString": "",
        "InvariantPropertyName": "ZIndex",
        "IsLockable": false,
        "NameMapSourceSchema": "*[]"
      },
      "Icon",
      {
        "AFDDataSourceName": "",
        "AutoRuleBindingEnabled": true,
        "AutoRuleBindingString": "",
        "InvariantPropertyName": "DisabledColor",
        "IsLockable": false,
        "NameMapSourceSchema": "*[]"
      },
      {
        "AFDDataSourceName": "",
        "AutoRuleBindingEnabled": true,
        "AutoRuleBindingString": "",
        "InvariantPropertyName": "X",
        "IsLockable": false,
        "NameMapSourceSchema": "*[]"
      },
      {
        "AFDDataSourceName": "",
        "AutoRuleBindingEnabled": true,
        "AutoRuleBindingString": "",
        "InvariantPropertyName": "Y",
        "IsLockable": false,
        "NameMapSourceSchema": "*[]"
      },
      {
        "AFDDataSourceName": "",
        "AutoRuleBindingEnabled": false,
        "AutoRuleBindingString": "false",
        "InvariantPropertyName": "OnSelect",
        "IsLockable": false,
        "NameMapSourceSchema": "*[]"
      },
      {
        "AFDDataSourceName": "",
        "AutoRuleBindingEnabled": true,
        "AutoRuleBindingString": "",
        "InvariantPropertyName": "Width",
        "IsLockable": false,
        "NameMapSourceSchema": "*[]"
      },
      {
        "AFDDataSourceName": "",
        "AutoRuleBindingEnabled": true,
        "AutoRuleBindingString": "",
        "InvariantPropertyName": "Height",
        "IsLockable": false,
        "NameMapSourceSchema": "*[]"
      },
      {
        "AFDDataSourceName": "",
        "AutoRuleBindingEnabled": false,
        "AutoRuleBindingString": "RGBA(101,128,187,1)",
        "InvariantPropertyName": "Color",
        "IsLockable": false,
        "NameMapSourceSchema": "*[]"
      },
      "AutoDisableOnSelect",
      "PressedColor",
      "HoverColor",
      "Fill",
      "DisabledFill",
      "PressedFill",
      "HoverFill",
      "PaddingTop",
      "PaddingRight",
      "PaddingBottom",
      "PaddingLeft",
      "TabIndex",
      "Tooltip",
      "BorderStyle",
      "BorderColor",
      "DisabledBorderColor",
      "PressedBorderColor",
      "HoverBorderColor",
      "BorderThickness",
      "FocusedBorderThickness",
      "DisplayMode",
      "Rotation",
      "AccessibleLabel",
      "FocusedBorderColor"
    ],
    "HasDynamicProperties": false,
    "IsAutoGenerated": false,
    "IsComponentDefinition": false,
    "IsDataControl": false,
    "IsFromScreenLayout": false,
    "IsGroupControl": false,
    "IsLocked": false,
    "LayoutName": "",
    "MetaDataIDKey": "",
    "Name": "icon2_2",
    "ParentIndex": 3,
    "PersistMetaDataIDKey": false,
    "Properties": [
      {
        "Category": "Data",
        "PropertyName": "Tooltip",
        "RuleProviderType": "Unknown"
      },
      {
        "Category": "Data",
        "PropertyName": "AccessibleLabel",
        "RuleProviderType": "Unknown"
      },
      {
        "Category": "Design",
        "PropertyName": "Icon",
        "RuleProviderType": "Unknown"
      },
      {
        "Category": "Design",
        "PropertyName": "Height",
        "RuleProviderType": "Unknown"
      },
      {
        "Category": "Design",
        "PropertyName": "Width",
        "RuleProviderType": "Unknown"
      },
      {
        "Category": "Design",
        "PropertyName": "Y",
        "RuleProviderType": "Unknown"
      },
      {
        "Category": "Design",
        "PropertyName": "X",
        "RuleProviderType": "Unknown"
      },
      {
        "Category": "Design",
        "PropertyName": "Fill",
        "RuleProviderType": "Unknown"
      },
      {
        "Category": "Design",
        "PropertyName": "DisabledFill",
        "RuleProviderType": "Unknown"
      },
      {
        "Category": "Design",
        "PropertyName": "PressedFill",
        "RuleProviderType": "Unknown"
      },
      {
        "Category": "Design",
        "PropertyName": "HoverFill",
        "RuleProviderType": "Unknown"
      },
      {
        "Category": "Design",
        "PropertyName": "ZIndex",
        "RuleProviderType": "Unknown"
      },
      {
        "Category": "Design",
        "PropertyName": "Color",
        "RuleProviderType": "Unknown"
      },
      {
        "Category": "Design",
        "PropertyName": "DisabledColor",
        "RuleProviderType": "Unknown"
      },
      {
        "Category": "Design",
        "PropertyName": "PressedColor",
        "RuleProviderType": "Unknown"
      },
      {
        "Category": "Design",
        "PropertyName": "HoverColor",
        "RuleProviderType": "Unknown"
      },
      {
        "Category": "Design",
        "PropertyName": "PaddingTop",
        "RuleProviderType": "Unknown"
      },
      {
        "Category": "Design",
        "PropertyName": "PaddingBottom",
        "RuleProviderType": "Unknown"
      },
      {
        "Category": "Design",
        "PropertyName": "PaddingLeft",
        "RuleProviderType": "Unknown"
      },
      {
        "Category": "Design",
        "PropertyName": "PaddingRight",
        "RuleProviderType": "Unknown"
      },
      {
        "Category": "Design",
        "PropertyName": "BorderStyle",
        "RuleProviderType": "Unknown"
      },
      {
        "Category": "Design",
        "PropertyName": "BorderColor",
        "RuleProviderType": "Unknown"
      },
      {
        "Category": "Design",
        "PropertyName": "DisabledBorderColor",
        "RuleProviderType": "Unknown"
      },
      {
        "Category": "Design",
        "PropertyName": "PressedBorderColor",
        "RuleProviderType": "Unknown"
      },
      {
        "Category": "Design",
        "PropertyName": "HoverBorderColor",
        "RuleProviderType": "Unknown"
      },
      {
        "Category": "Design",
        "PropertyName": "BorderThickness",
        "RuleProviderType": "Unknown"
      },
      {
        "Category": "Design",
        "PropertyName": "FocusedBorderThickness",
        "RuleProviderType": "Unknown"
      },
      {
        "Category": "Design",
        "PropertyName": "AutoDisableOnSelect",
        "RuleProviderType": "Unknown"
      },
      {
        "Category": "Design",
        "PropertyName": "TabIndex",
        "RuleProviderType": "Unknown"
      },
      {
        "Category": "Design",
        "PropertyName": "DisplayMode",
        "RuleProviderType": "Unknown"
      },
      {
        "Category": "Design",
        "PropertyName": "Rotation",
        "RuleProviderType": "Unknown"
      },
      {
        "Category": "Design",
        "PropertyName": "FocusedBorderColor",
        "RuleProviderType": "Unknown"
      },
      {
        "Category": "Behavior",
        "PropertyName": "OnSelect",
        "RuleProviderType": "Unknown"
      }
    ],
    "StyleName": "defaultIconStyle",
    "Type": "ControlInfo"
  },
  "icon4_5": {
    "AllowAccessToGlobals": true,
    "ControlPropertyState": [
      {
        "AFDDataSourceName": "",
        "AutoRuleBindingEnabled": true,
        "AutoRuleBindingString": "",
        "InvariantPropertyName": "ZIndex",
        "IsLockable": false,
        "NameMapSourceSchema": "*[]"
      },
      "Icon",
      {
        "AFDDataSourceName": "",
        "AutoRuleBindingEnabled": true,
        "AutoRuleBindingString": "",
        "InvariantPropertyName": "DisabledColor",
        "IsLockable": false,
        "NameMapSourceSchema": "*[]"
      },
      {
        "AFDDataSourceName": "",
        "AutoRuleBindingEnabled": true,
        "AutoRuleBindingString": "",
        "InvariantPropertyName": "X",
        "IsLockable": false,
        "NameMapSourceSchema": "*[]"
      },
      {
        "AFDDataSourceName": "",
        "AutoRuleBindingEnabled": true,
        "AutoRuleBindingString": "",
        "InvariantPropertyName": "Y",
        "IsLockable": false,
        "NameMapSourceSchema": "*[]"
      },
      {
        "AFDDataSourceName": "",
        "AutoRuleBindingEnabled": true,
        "AutoRuleBindingString": "",
        "InvariantPropertyName": "Height",
        "IsLockable": false,
        "NameMapSourceSchema": "*[]"
      },
      {
        "AFDDataSourceName": "",
        "AutoRuleBindingEnabled": true,
        "AutoRuleBindingString": "",
        "InvariantPropertyName": "Width",
        "IsLockable": false,
        "NameMapSourceSchema": "*[]"
      },
      {
        "AFDDataSourceName": "",
        "AutoRuleBindingEnabled": false,
        "AutoRuleBindingString": "false",
        "InvariantPropertyName": "OnSelect",
        "IsLockable": false,
        "NameMapSourceSchema": "*[]"
      },
      {
        "AFDDataSourceName": "",
        "AutoRuleBindingEnabled": false,
        "AutoRuleBindingString": "RGBA(101,128,187,1)",
        "InvariantPropertyName": "Color",
        "IsLockable": false,
        "NameMapSourceSchema": "*[]"
      },
      "AutoDisableOnSelect",
      "PressedColor",
      "HoverColor",
      "Fill",
      "DisabledFill",
      "PressedFill",
      "HoverFill",
      "PaddingTop",
      "PaddingRight",
      "PaddingBottom",
      "PaddingLeft",
      "TabIndex",
      "Tooltip",
      "BorderStyle",
      "BorderColor",
      "DisabledBorderColor",
      "PressedBorderColor",
      "HoverBorderColor",
      "BorderThickness",
      "FocusedBorderThickness",
      "DisplayMode",
      "Rotation",
      "AccessibleLabel",
      "FocusedBorderColor"
    ],
    "HasDynamicProperties": false,
    "IsAutoGenerated": false,
    "IsComponentDefinition": false,
    "IsDataControl": false,
    "IsFromScreenLayout": false,
    "IsGroupControl": false,
    "IsLocked": false,
    "LayoutName": "",
    "MetaDataIDKey": "",
    "Name": "icon4_5",
    "ParentIndex": 5,
    "PersistMetaDataIDKey": false,
    "Properties": [
      {
        "Category": "Data",
        "PropertyName": "Tooltip",
        "RuleProviderType": "Unknown"
      },
      {
        "Category": "Data",
        "PropertyName": "AccessibleLabel",
        "RuleProviderType": "Unknown"
      },
      {
        "Category": "Design",
        "PropertyName": "Icon",
        "RuleProviderType": "Unknown"
      },
      {
        "Category": "Design",
        "PropertyName": "ZIndex",
        "RuleProviderType": "Unknown"
      },
      {
        "Category": "Design",
        "PropertyName": "HoverFill",
        "RuleProviderType": "Unknown"
      },
      {
        "Category": "Design",
        "PropertyName": "PressedFill",
        "RuleProviderType": "Unknown"
      },
      {
        "Category": "Design",
        "PropertyName": "DisabledFill",
        "RuleProviderType": "Unknown"
      },
      {
        "Category": "Design",
        "PropertyName": "Fill",
        "RuleProviderType": "Unknown"
      },
      {
        "Category": "Design",
        "PropertyName": "X",
        "RuleProviderType": "Unknown"
      },
      {
        "Category": "Design",
        "PropertyName": "Y",
        "RuleProviderType": "Unknown"
      },
      {
        "Category": "Design",
        "PropertyName": "Width",
        "RuleProviderType": "Unknown"
      },
      {
        "Category": "Design",
        "PropertyName": "Height",
        "RuleProviderType": "Unknown"
      },
      {
        "Category": "Design",
        "PropertyName": "Color",
        "RuleProviderType": "Unknown"
      },
      {
        "Category": "Design",
        "PropertyName": "DisabledColor",
        "RuleProviderType": "Unknown"
      },
      {
        "Category": "Design",
        "PropertyName": "PressedColor",
        "RuleProviderType": "Unknown"
      },
      {
        "Category": "Design",
        "PropertyName": "HoverColor",
        "RuleProviderType": "Unknown"
      },
      {
        "Category": "Design",
        "PropertyName": "PaddingTop",
        "RuleProviderType": "Unknown"
      },
      {
        "Category": "Design",
        "PropertyName": "PaddingBottom",
        "RuleProviderType": "Unknown"
      },
      {
        "Category": "Design",
        "PropertyName": "PaddingLeft",
        "RuleProviderType": "Unknown"
      },
      {
        "Category": "Design",
        "PropertyName": "PaddingRight",
        "RuleProviderType": "Unknown"
      },
      {
        "Category": "Design",
        "PropertyName": "BorderStyle",
        "RuleProviderType": "Unknown"
      },
      {
        "Category": "Design",
        "PropertyName": "BorderColor",
        "RuleProviderType": "Unknown"
      },
      {
        "Category": "Design",
        "PropertyName": "DisabledBorderColor",
        "RuleProviderType": "Unknown"
      },
      {
        "Category": "Design",
        "PropertyName": "PressedBorderColor",
        "RuleProviderType": "Unknown"
      },
      {
        "Category": "Design",
        "PropertyName": "HoverBorderColor",
        "RuleProviderType": "Unknown"
      },
      {
        "Category": "Design",
        "PropertyName": "BorderThickness",
        "RuleProviderType": "Unknown"
      },
      {
        "Category": "Design",
        "PropertyName": "FocusedBorderThickness",
        "RuleProviderType": "Unknown"
      },
      {
        "Category": "Design",
        "PropertyName": "AutoDisableOnSelect",
        "RuleProviderType": "Unknown"
      },
      {
        "Category": "Design",
        "PropertyName": "TabIndex",
        "RuleProviderType": "Unknown"
      },
      {
        "Category": "Design",
        "PropertyName": "DisplayMode",
        "RuleProviderType": "Unknown"
      },
      {
        "Category": "Design",
        "PropertyName": "Rotation",
        "RuleProviderType": "Unknown"
      },
      {
        "Category": "Design",
        "PropertyName": "FocusedBorderColor",
        "RuleProviderType": "Unknown"
      },
      {
        "Category": "Behavior",
        "PropertyName": "OnSelect",
        "RuleProviderType": "Unknown"
      }
    ],
    "StyleName": "defaultIconStyle",
    "Type": "ControlInfo"
  },
  "Rectangle1_2": {
    "AllowAccessToGlobals": true,
    "ControlPropertyState": [
      {
        "AFDDataSourceName": "",
        "AutoRuleBindingEnabled": true,
        "AutoRuleBindingString": "",
        "InvariantPropertyName": "BorderStyle",
        "IsLockable": false,
        "NameMapSourceSchema": "*[]"
      },
      {
        "AFDDataSourceName": "",
        "AutoRuleBindingEnabled": false,
        "AutoRuleBindingString": "RGBA(62,96,170,1)",
        "InvariantPropertyName": "Fill",
        "IsLockable": false,
        "NameMapSourceSchema": "*[]"
      },
      {
        "AFDDataSourceName": "",
        "AutoRuleBindingEnabled": true,
        "AutoRuleBindingString": "",
        "InvariantPropertyName": "X",
        "IsLockable": false,
        "NameMapSourceSchema": "*[]"
      },
      {
        "AFDDataSourceName": "",
        "AutoRuleBindingEnabled": true,
        "AutoRuleBindingString": "",
        "InvariantPropertyName": "Y",
        "IsLockable": false,
        "NameMapSourceSchema": "*[]"
      },
      {
        "AFDDataSourceName": "",
        "AutoRuleBindingEnabled": false,
        "AutoRuleBindingString": "178",
        "InvariantPropertyName": "Height",
        "IsLockable": false,
        "NameMapSourceSchema": "*[]"
      },
      {
        "AFDDataSourceName": "",
        "AutoRuleBindingEnabled": true,
        "AutoRuleBindingString": "",
        "InvariantPropertyName": "Width",
        "IsLockable": false,
        "NameMapSourceSchema": "*[]"
      },
      {
        "AFDDataSourceName": "",
        "AutoRuleBindingEnabled": true,
        "AutoRuleBindingString": "",
        "InvariantPropertyName": "ZIndex",
        "IsLockable": false,
        "NameMapSourceSchema": "*[]"
      },
      "DisabledFill",
      "PressedFill",
      "HoverFill",
      "BorderColor",
      "FocusedBorderThickness",
      "TabIndex",
      "Tooltip",
      "DisplayMode",
      "AccessibleLabel",
      "FocusedBorderColor"
    ],
    "HasDynamicProperties": false,
    "IsAutoGenerated": false,
    "IsComponentDefinition": false,
    "IsDataControl": false,
    "IsFromScreenLayout": false,
    "IsGroupControl": false,
    "IsLocked": false,
    "LayoutName": "",
    "MetaDataIDKey": "",
    "Name": "Rectangle1_2",
    "ParentIndex": 0,
    "PersistMetaDataIDKey": false,
    "Properties": [
      {
        "Category": "Data",
        "PropertyName": "Tooltip",
        "RuleProviderType": "Unknown"
      },
      {
        "Category": "Data",
        "PropertyName": "AccessibleLabel",
        "RuleProviderType": "Unknown"
      },
      {
        "Category": "Design",
        "PropertyName": "ZIndex",
        "RuleProviderType": "Unknown"
      },
      {
        "Category": "Design",
        "PropertyName": "Fill",
        "RuleProviderType": "Unknown"
      },
      {
        "Category": "Design",
        "PropertyName": "DisabledFill",
        "RuleProviderType": "Unknown"
      },
      {
        "Category": "Design",
        "PropertyName": "PressedFill",
        "RuleProviderType": "Unknown"
      },
      {
        "Category": "Design",
        "PropertyName": "HoverFill",
        "RuleProviderType": "Unknown"
      },
      {
        "Category": "Design",
        "PropertyName": "BorderColor",
        "RuleProviderType": "Unknown"
      },
      {
        "Category": "Design",
        "PropertyName": "BorderStyle",
        "RuleProviderType": "Unknown"
      },
      {
        "Category": "Design",
        "PropertyName": "X",
        "RuleProviderType": "Unknown"
      },
      {
        "Category": "Design",
        "PropertyName": "Y",
        "RuleProviderType": "Unknown"
      },
      {
        "Category": "Design",
        "PropertyName": "Width",
        "RuleProviderType": "Unknown"
      },
      {
        "Category": "Design",
        "PropertyName": "Height",
        "RuleProviderType": "Unknown"
      },
      {
        "Category": "Design",
        "PropertyName": "FocusedBorderThickness",
        "RuleProviderType": "Unknown"
      },
      {
        "Category": "Design",
        "PropertyName": "TabIndex",
        "RuleProviderType": "Unknown"
      },
      {
        "Category": "Design",
        "PropertyName": "DisplayMode",
        "RuleProviderType": "Unknown"
      },
      {
        "Category": "Design",
        "PropertyName": "FocusedBorderColor",
        "RuleProviderType": "Unknown"
      }
    ],
    "StyleName": "defaultRectangleStyle",
    "Type": "ControlInfo"
  },
  "Rectangle2_2": {
    "AllowAccessToGlobals": true,
    "ControlPropertyState": [
      {
        "AFDDataSourceName": "",
        "AutoRuleBindingEnabled": true,
        "AutoRuleBindingString": "",
        "InvariantPropertyName": "BorderStyle",
        "IsLockable": false,
        "NameMapSourceSchema": "*[]"
      },
      {
        "AFDDataSourceName": "",
        "AutoRuleBindingEnabled": false,
        "AutoRuleBindingString": "RGBA(62,96,170,1)",
        "InvariantPropertyName": "Fill",
        "IsLockable": false,
        "NameMapSourceSchema": "*[]"
      },
      {
        "AFDDataSourceName": "",
        "AutoRuleBindingEnabled": true,
        "AutoRuleBindingString": "",
        "InvariantPropertyName": "X",
        "IsLockable": false,
        "NameMapSourceSchema": "*[]"
      },
      {
        "AFDDataSourceName": "",
        "AutoRuleBindingEnabled": true,
        "AutoRuleBindingString": "",
        "InvariantPropertyName": "Y",
        "IsLockable": false,
        "NameMapSourceSchema": "*[]"
      },
      {
        "AFDDataSourceName": "",
        "AutoRuleBindingEnabled": false,
        "AutoRuleBindingString": "100",
        "InvariantPropertyName": "Height",
        "IsLockable": false,
        "NameMapSourceSchema": "*[]"
      },
      {
        "AFDDataSourceName": "",
        "AutoRuleBindingEnabled": false,
        "AutoRuleBindingString": "150",
        "InvariantPropertyName": "Width",
        "IsLockable": false,
        "NameMapSourceSchema": "*[]"
      },
      {
        "AFDDataSourceName": "",
        "AutoRuleBindingEnabled": true,
        "AutoRuleBindingString": "",
        "InvariantPropertyName": "ZIndex",
        "IsLockable": false,
        "NameMapSourceSchema": "*[]"
      },
      {
        "AFDDataSourceName": "",
        "AutoRuleBindingEnabled": false,
        "AutoRuleBindingString": "false",
        "InvariantPropertyName": "OnSelect",
        "IsLockable": false,
        "NameMapSourceSchema": "*[]"
      },
      "DisabledFill",
      "PressedFill",
      "HoverFill",
      "BorderColor",
      "FocusedBorderThickness",
      "TabIndex",
      "Tooltip",
      "DisplayMode",
      "AccessibleLabel",
      "FocusedBorderColor"
    ],
    "HasDynamicProperties": false,
    "IsAutoGenerated": false,
    "IsComponentDefinition": false,
    "IsDataControl": false,
    "IsFromScreenLayout": false,
    "IsGroupControl": false,
    "IsLocked": false,
    "LayoutName": "",
    "MetaDataIDKey": "",
    "Name": "Rectangle2_2",
    "ParentIndex": 3,
    "PersistMetaDataIDKey": false,
    "Properties": [
      {
        "Category": "Data",
        "PropertyName": "Tooltip",
        "RuleProviderType": "Unknown"
      },
      {
        "Category": "Data",
        "PropertyName": "AccessibleLabel",
        "RuleProviderType": "Unknown"
      },
      {
        "Category": "Design",
        "PropertyName": "ZIndex",
        "RuleProviderType": "Unknown"
      },
      {
        "Category": "Design",
        "PropertyName": "Fill",
        "RuleProviderType": "Unknown"
      },
      {
        "Category": "Design",
        "PropertyName": "DisabledFill",
        "RuleProviderType": "Unknown"
      },
      {
        "Category": "Design",
        "PropertyName": "PressedFill",
        "RuleProviderType": "Unknown"
      },
      {
        "Category": "Design",
        "PropertyName": "HoverFill",
        "RuleProviderType": "Unknown"
      },
      {
        "Category": "Design",
        "PropertyName": "BorderColor",
        "RuleProviderType": "Unknown"
      },
      {
        "Category": "Design",
        "PropertyName": "BorderStyle",
        "RuleProviderType": "Unknown"
      },
      {
        "Category": "Design",
        "PropertyName": "X",
        "RuleProviderType": "Unknown"
      },
      {
        "Category": "Design",
        "PropertyName": "Y",
        "RuleProviderType": "Unknown"
      },
      {
        "Category": "Design",
        "PropertyName": "Width",
        "RuleProviderType": "Unknown"
      },
      {
        "Category": "Design",
        "PropertyName": "Height",
        "RuleProviderType": "Unknown"
      },
      {
        "Category": "Design",
        "PropertyName": "FocusedBorderThickness",
        "RuleProviderType": "Unknown"
      },
      {
        "Category": "Design",
        "PropertyName": "TabIndex",
        "RuleProviderType": "Unknown"
      },
      {
        "Category": "Design",
        "PropertyName": "DisplayMode",
        "RuleProviderType": "Unknown"
      },
      {
        "Category": "Design",
        "PropertyName": "FocusedBorderColor",
        "RuleProviderType": "Unknown"
      },
      {
        "Category": "Behavior",
        "PropertyName": "OnSelect",
        "RuleProviderType": "Unknown"
      }
    ],
    "StyleName": "defaultRectangleStyle",
    "Type": "ControlInfo"
  },
  "Rectangle2_4": {
    "AllowAccessToGlobals": true,
    "ControlPropertyState": [
      {
        "AFDDataSourceName": "",
        "AutoRuleBindingEnabled": true,
        "AutoRuleBindingString": "",
        "InvariantPropertyName": "BorderStyle",
        "IsLockable": false,
        "NameMapSourceSchema": "*[]"
      },
      {
        "AFDDataSourceName": "",
        "AutoRuleBindingEnabled": false,
        "AutoRuleBindingString": "RGBA(62,96,170,1)",
        "InvariantPropertyName": "Fill",
        "IsLockable": false,
        "NameMapSourceSchema": "*[]"
      },
      {
        "AFDDataSourceName": "",
        "AutoRuleBindingEnabled": true,
        "AutoRuleBindingString": "",
        "InvariantPropertyName": "X",
        "IsLockable": false,
        "NameMapSourceSchema": "*[]"
      },
      {
        "AFDDataSourceName": "",
        "AutoRuleBindingEnabled": true,
        "AutoRuleBindingString": "",
        "InvariantPropertyName": "Y",
        "IsLockable": false,
        "NameMapSourceSchema": "*[]"
      },
      {
        "AFDDataSourceName": "",
        "AutoRuleBindingEnabled": false,
        "AutoRuleBindingString": "100",
        "InvariantPropertyName": "Height",
        "IsLockable": false,
        "NameMapSourceSchema": "*[]"
      },
      {
        "AFDDataSourceName": "",
        "AutoRuleBindingEnabled": false,
        "AutoRuleBindingString": "150",
        "InvariantPropertyName": "Width",
        "IsLockable": false,
        "NameMapSourceSchema": "*[]"
      },
      {
        "AFDDataSourceName": "",
        "AutoRuleBindingEnabled": true,
        "AutoRuleBindingString": "",
        "InvariantPropertyName": "ZIndex",
        "IsLockable": false,
        "NameMapSourceSchema": "*[]"
      },
      {
        "AFDDataSourceName": "",
        "AutoRuleBindingEnabled": false,
        "AutoRuleBindingString": "false",
        "InvariantPropertyName": "OnSelect",
        "IsLockable": false,
        "NameMapSourceSchema": "*[]"
      },
      "DisabledFill",
      "PressedFill",
      "HoverFill",
      "BorderColor",
      "FocusedBorderThickness",
      "TabIndex",
      "Tooltip",
      "DisplayMode",
      "AccessibleLabel",
      "FocusedBorderColor"
    ],
    "HasDynamicProperties": false,
    "IsAutoGenerated": false,
    "IsComponentDefinition": false,
    "IsDataControl": false,
    "IsFromScreenLayout": false,
    "IsGroupControl": false,
    "IsLocked": false,
    "LayoutName": "",
    "MetaDataIDKey": "",
    "Name": "Rectangle2_4",
    "ParentIndex": 1,
    "PersistMetaDataIDKey": false,
    "Properties": [
      {
        "Category": "Data",
        "PropertyName": "Tooltip",
        "RuleProviderType": "Unknown"
      },
      {
        "Category": "Data",
        "PropertyName": "AccessibleLabel",
        "RuleProviderType": "Unknown"
      },
      {
        "Category": "Design",
        "PropertyName": "ZIndex",
        "RuleProviderType": "Unknown"
      },
      {
        "Category": "Design",
        "PropertyName": "Fill",
        "RuleProviderType": "Unknown"
      },
      {
        "Category": "Design",
        "PropertyName": "DisabledFill",
        "RuleProviderType": "Unknown"
      },
      {
        "Category": "Design",
        "PropertyName": "PressedFill",
        "RuleProviderType": "Unknown"
      },
      {
        "Category": "Design",
        "PropertyName": "HoverFill",
        "RuleProviderType": "Unknown"
      },
      {
        "Category": "Design",
        "PropertyName": "BorderColor",
        "RuleProviderType": "Unknown"
      },
      {
        "Category": "Design",
        "PropertyName": "BorderStyle",
        "RuleProviderType": "Unknown"
      },
      {
        "Category": "Design",
        "PropertyName": "X",
        "RuleProviderType": "Unknown"
      },
      {
        "Category": "Design",
        "PropertyName": "Y",
        "RuleProviderType": "Unknown"
      },
      {
        "Category": "Design",
        "PropertyName": "Width",
        "RuleProviderType": "Unknown"
      },
      {
        "Category": "Design",
        "PropertyName": "Height",
        "RuleProviderType": "Unknown"
      },
      {
        "Category": "Design",
        "PropertyName": "FocusedBorderThickness",
        "RuleProviderType": "Unknown"
      },
      {
        "Category": "Design",
        "PropertyName": "TabIndex",
        "RuleProviderType": "Unknown"
      },
      {
        "Category": "Design",
        "PropertyName": "DisplayMode",
        "RuleProviderType": "Unknown"
      },
      {
        "Category": "Design",
        "PropertyName": "FocusedBorderColor",
        "RuleProviderType": "Unknown"
      },
      {
        "Category": "Behavior",
        "PropertyName": "OnSelect",
        "RuleProviderType": "Unknown"
      }
    ],
    "StyleName": "defaultRectangleStyle",
    "Type": "ControlInfo"
  },
  "Rectangle3_6": {
    "AllowAccessToGlobals": true,
    "ControlPropertyState": [
      {
        "AFDDataSourceName": "",
        "AutoRuleBindingEnabled": true,
        "AutoRuleBindingString": "",
        "InvariantPropertyName": "ZIndex",
        "IsLockable": false,
        "NameMapSourceSchema": "*[]"
      },
      {
        "AFDDataSourceName": "",
        "AutoRuleBindingEnabled": false,
        "AutoRuleBindingString": "RGBA(190,202,226,1)",
        "InvariantPropertyName": "Fill",
        "IsLockable": false,
        "NameMapSourceSchema": "*[]"
      },
      {
        "AFDDataSourceName": "",
        "AutoRuleBindingEnabled": true,
        "AutoRuleBindingString": "",
        "InvariantPropertyName": "X",
        "IsLockable": false,
        "NameMapSourceSchema": "*[]"
      },
      {
        "AFDDataSourceName": "",
        "AutoRuleBindingEnabled": true,
        "AutoRuleBindingString": "",
        "InvariantPropertyName": "Y",
        "IsLockable": false,
        "NameMapSourceSchema": "*[]"
      },
      {
        "AFDDataSourceName": "",
        "AutoRuleBindingEnabled": true,
        "AutoRuleBindingString": "",
        "InvariantPropertyName": "Width",
        "IsLockable": false,
        "NameMapSourceSchema": "*[]"
      },
      {
        "AFDDataSourceName": "",
        "AutoRuleBindingEnabled": false,
        "AutoRuleBindingString": "100",
        "InvariantPropertyName": "Height",
        "IsLockable": false,
        "NameMapSourceSchema": "*[]"
      },
      {
        "AFDDataSourceName": "",
        "AutoRuleBindingEnabled": true,
        "AutoRuleBindingString": "",
        "InvariantPropertyName": "BorderStyle",
        "IsLockable": false,
        "NameMapSourceSchema": "*[]"
      },
      "DisabledFill",
      "PressedFill",
      "HoverFill",
      "BorderColor",
      "FocusedBorderThickness",
      "TabIndex",
      "Tooltip",
      "DisplayMode",
      "AccessibleLabel",
      "FocusedBorderColor"
    ],
    "HasDynamicProperties": false,
    "IsAutoGenerated": false,
    "IsComponentDefinition": false,
    "IsDataControl": false,
    "IsFromScreenLayout": false,
    "IsGroupControl": false,
    "IsLocked": false,
    "LayoutName": "",
    "MetaDataIDKey": "",
    "Name": "Rectangle3_6",
    "ParentIndex": 4,
    "PersistMetaDataIDKey": false,
    "Properties": [
      {
        "Category": "Data",
        "PropertyName": "Tooltip",
        "RuleProviderType": "Unknown"
      },
      {
        "Category": "Data",
        "PropertyName": "AccessibleLabel",
        "RuleProviderType": "Unknown"
      },
      {
        "Category": "Design",
        "PropertyName": "Height",
        "RuleProviderType": "Unknown"
      },
      {
        "Category": "Design",
        "PropertyName": "Width",
        "RuleProviderType": "Unknown"
      },
      {
        "Category": "Design",
        "PropertyName": "Y",
        "RuleProviderType": "Unknown"
      },
      {
        "Category": "Design",
        "PropertyName": "X",
        "RuleProviderType": "Unknown"
      },
      {
        "Category": "Design",
        "PropertyName": "BorderStyle",
        "RuleProviderType": "Unknown"
      },
      {
        "Category": "Design",
        "PropertyName": "BorderColor",
        "RuleProviderType": "Unknown"
      },
      {
        "Category": "Design",
        "PropertyName": "HoverFill",
        "RuleProviderType": "Unknown"
      },
      {
        "Category": "Design",
        "PropertyName": "PressedFill",
        "RuleProviderType": "Unknown"
      },
      {
        "Category": "Design",
        "PropertyName": "DisabledFill",
        "RuleProviderType": "Unknown"
      },
      {
        "Category": "Design",
        "PropertyName": "Fill",
        "RuleProviderType": "Unknown"
      },
      {
        "Category": "Design",
        "PropertyName": "ZIndex",
        "RuleProviderType": "Unknown"
      },
      {
        "Category": "Design",
        "PropertyName": "FocusedBorderThickness",
        "RuleProviderType": "Unknown"
      },
      {
        "Category": "Design",
        "PropertyName": "TabIndex",
        "RuleProviderType": "Unknown"
      },
      {
        "Category": "Design",
        "PropertyName": "DisplayMode",
        "RuleProviderType": "Unknown"
      },
      {
        "Category": "Design",
        "PropertyName": "FocusedBorderColor",
        "RuleProviderType": "Unknown"
      }
    ],
    "StyleName": "separatorShapeStyle",
    "Type": "ControlInfo"
  },
  "Rectangle5_1": {
    "AllowAccessToGlobals": true,
    "ControlPropertyState": [
      {
        "AFDDataSourceName": "",
        "AutoRuleBindingEnabled": true,
        "AutoRuleBindingString": "",
        "InvariantPropertyName": "Y",
        "IsLockable": false,
        "NameMapSourceSchema": "*[]"
      },
      {
        "AFDDataSourceName": "",
        "AutoRuleBindingEnabled": true,
        "AutoRuleBindingString": "",
        "InvariantPropertyName": "ZIndex",
        "IsLockable": false,
        "NameMapSourceSchema": "*[]"
      },
      {
        "AFDDataSourceName": "",
        "AutoRuleBindingEnabled": false,
        "AutoRuleBindingString": "RGBA(62,96,170,1)",
        "InvariantPropertyName": "Fill",
        "IsLockable": false,
        "NameMapSourceSchema": "*[]"
      },
      {
        "AFDDataSourceName": "",
        "AutoRuleBindingEnabled": true,
        "AutoRuleBindingString": "",
        "InvariantPropertyName": "X",
        "IsLockable": false,
        "NameMapSourceSchema": "*[]"
      },
      {
        "AFDDataSourceName": "",
        "AutoRuleBindingEnabled": true,
        "AutoRuleBindingString": "",
        "InvariantPropertyName": "Height",
        "IsLockable": false,
        "NameMapSourceSchema": "*[]"
      },
      {
        "AFDDataSourceName": "",
        "AutoRuleBindingEnabled": true,
        "AutoRuleBindingString": "",
        "InvariantPropertyName": "Width",
        "IsLockable": false,
        "NameMapSourceSchema": "*[]"
      },
      {
        "AFDDataSourceName": "",
        "AutoRuleBindingEnabled": false,
        "AutoRuleBindingString": "false",
        "InvariantPropertyName": "OnSelect",
        "IsLockable": false,
        "NameMapSourceSchema": "*[]"
      },
      {
        "AFDDataSourceName": "",
        "AutoRuleBindingEnabled": true,
        "AutoRuleBindingString": "",
        "InvariantPropertyName": "BorderStyle",
        "IsLockable": false,
        "NameMapSourceSchema": "*[]"
      },
      "DisabledFill",
      "PressedFill",
      "HoverFill",
      "BorderColor",
      "FocusedBorderThickness",
      "TabIndex",
      "Tooltip",
      "DisplayMode",
      "AccessibleLabel",
      "FocusedBorderColor"
    ],
    "HasDynamicProperties": false,
    "IsAutoGenerated": false,
    "IsComponentDefinition": false,
    "IsDataControl": false,
    "IsFromScreenLayout": false,
    "IsGroupControl": false,
    "IsLocked": false,
    "LayoutName": "",
    "MetaDataIDKey": "",
    "Name": "Rectangle5_1",
    "ParentIndex": 1,
    "PersistMetaDataIDKey": false,
    "Properties": [
      {
        "Category": "Data",
        "PropertyName": "Tooltip",
        "RuleProviderType": "Unknown"
      },
      {
        "Category": "Data",
        "PropertyName": "AccessibleLabel",
        "RuleProviderType": "Unknown"
      },
      {
        "Category": "Design",
        "PropertyName": "Height",
        "RuleProviderType": "Unknown"
      },
      {
        "Category": "Design",
        "PropertyName": "Width",
        "RuleProviderType": "Unknown"
      },
      {
        "Category": "Design",
        "PropertyName": "Y",
        "RuleProviderType": "Unknown"
      },
      {
        "Category": "Design",
        "PropertyName": "X",
        "RuleProviderType": "Unknown"
      },
      {
        "Category": "Design",
        "PropertyName": "BorderStyle",
        "RuleProviderType": "Unknown"
      },
      {
        "Category": "Design",
        "PropertyName": "BorderColor",
        "RuleProviderType": "Unknown"
      },
      {
        "Category": "Design",
        "PropertyName": "HoverFill",
        "RuleProviderType": "Unknown"
      },
      {
        "Category": "Design",
        "PropertyName": "PressedFill",
        "RuleProviderType": "Unknown"
      },
      {
        "Category": "Design",
        "PropertyName": "DisabledFill",
        "RuleProviderType": "Unknown"
      },
      {
        "Category": "Design",
        "PropertyName": "Fill",
        "RuleProviderType": "Unknown"
      },
      {
        "Category": "Design",
        "PropertyName": "ZIndex",
        "RuleProviderType": "Unknown"
      },
      {
        "Category": "Design",
        "PropertyName": "FocusedBorderThickness",
        "RuleProviderType": "Unknown"
      },
      {
        "Category": "Design",
        "PropertyName": "TabIndex",
        "RuleProviderType": "Unknown"
      },
      {
        "Category": "Design",
        "PropertyName": "DisplayMode",
        "RuleProviderType": "Unknown"
      },
      {
        "Category": "Design",
        "PropertyName": "FocusedBorderColor",
        "RuleProviderType": "Unknown"
      },
      {
        "Category": "Behavior",
        "PropertyName": "OnSelect",
        "RuleProviderType": "Unknown"
      }
    ],
    "StyleName": "defaultRectangleStyle",
    "Type": "ControlInfo"
  },
  "TextBox1_5": {
    "AllowAccessToGlobals": true,
    "ControlPropertyState": [
      {
        "AFDDataSourceName": "",
        "AutoRuleBindingEnabled": false,
        "AutoRuleBindingString": "Align.Left",
        "InvariantPropertyName": "Align",
        "IsLockable": false,
        "NameMapSourceSchema": "*[]"
      },
      {
        "AFDDataSourceName": "",
        "AutoRuleBindingEnabled": true,
        "AutoRuleBindingString": "",
        "InvariantPropertyName": "BorderStyle",
        "IsLockable": false,
        "NameMapSourceSchema": "*[]"
      },
      {
        "AFDDataSourceName": "",
        "AutoRuleBindingEnabled": true,
        "AutoRuleBindingString": "",
        "InvariantPropertyName": "Color",
        "IsLockable": false,
        "NameMapSourceSchema": "*[]"
      },
      {
        "AFDDataSourceName": "",
        "AutoRuleBindingEnabled": true,
        "AutoRuleBindingString": "",
        "InvariantPropertyName": "DisabledColor",
        "IsLockable": false,
        "NameMapSourceSchema": "*[]"
      },
      {
        "AFDDataSourceName": "",
        "AutoRuleBindingEnabled": true,
        "AutoRuleBindingString": "",
        "InvariantPropertyName": "Font",
        "IsLockable": false,
        "NameMapSourceSchema": "*[]"
      },
      {
        "AFDDataSourceName": "",
        "AutoRuleBindingEnabled": false,
        "AutoRuleBindingString": "FontWeight.Normal",
        "InvariantPropertyName": "FontWeight",
        "IsLockable": false,
        "NameMapSourceSchema": "*[]"
      },
      {
        "AFDDataSourceName": "",
        "AutoRuleBindingEnabled": true,
        "AutoRuleBindingString": "",
        "InvariantPropertyName": "Overflow",
        "IsLockable": false,
        "NameMapSourceSchema": "*[]"
      },
      {
        "AFDDataSourceName": "",
        "AutoRuleBindingEnabled": false,
        "AutoRuleBindingString": "27",
        "InvariantPropertyName": "Size",
        "IsLockable": false,
        "NameMapSourceSchema": "*[]"
      },
      {
        "AFDDataSourceName": "",
        "AutoRuleBindingEnabled": true,
        "AutoRuleBindingString": "",
        "InvariantPropertyName": "VerticalAlign",
        "IsLockable": false,
        "NameMapSourceSchema": "*[]"
      },
      {
        "AFDDataSourceName": "",
        "AutoRuleBindingEnabled": true,
        "AutoRuleBindingString": "",
        "InvariantPropertyName": "X",
        "IsLockable": false,
        "NameMapSourceSchema": "*[]"
      },
      {
        "AFDDataSourceName": "",
        "AutoRuleBindingEnabled": true,
        "AutoRuleBindingString": "",
        "InvariantPropertyName": "Y",
        "IsLockable": false,
        "NameMapSourceSchema": "*[]"
      },
      {
        "AFDDataSourceName": "",
        "AutoRuleBindingEnabled": false,
        "AutoRuleBindingString": "\"Text\"",
        "InvariantPropertyName": "Text",
        "IsLockable": false,
        "NameMapSourceSchema": "*[]"
      },
      {
        "AFDDataSourceName": "",
        "AutoRuleBindingEnabled": true,
        "AutoRuleBindingString": "",
        "InvariantPropertyName": "AutoHeight",
        "IsLockable": false,
        "NameMapSourceSchema": "*[]"
      },
      {
        "AFDDataSourceName": "",
        "AutoRuleBindingEnabled": true,
        "AutoRuleBindingString": "",
        "InvariantPropertyName": "Height",
        "IsLockable": false,
        "NameMapSourceSchema": "*[]"
      },
      {
        "AFDDataSourceName": "",
        "AutoRuleBindingEnabled": true,
        "AutoRuleBindingString": "",
        "InvariantPropertyName": "Width",
        "IsLockable": false,
        "NameMapSourceSchema": "*[]"
      },
      {
        "AFDDataSourceName": "",
        "AutoRuleBindingEnabled": true,
        "AutoRuleBindingString": "",
        "InvariantPropertyName": "ZIndex",
        "IsLockable": false,
        "NameMapSourceSchema": "*[]"
      },
      "PressedColor",
      "HoverColor",
      "BorderColor",
      "DisabledBorderColor",
      "PressedBorderColor",
      "HoverBorderColor",
      "Fill",
      "DisabledFill",
      "PressedFill",
      "HoverFill",
      "FocusedBorderThickness",
      "DisplayMode",
      "TabIndex",
      "Live",
      "IsErrorMessage",
      "Role",
      "FocusedBorderColor"
    ],
    "HasDynamicProperties": false,
    "IsAutoGenerated": false,
    "IsComponentDefinition": false,
    "IsDataControl": false,
    "IsFromScreenLayout": false,
    "IsGroupControl": false,
    "IsLocked": false,
    "LayoutName": "",
    "MetaDataIDKey": "",
    "Name": "TextBox1_5",
    "ParentIndex": 2,
    "PersistMetaDataIDKey": false,
    "Properties": [
      {
        "Category": "Data",
        "PropertyName": "Text",
        "RuleProviderType": "Unknown"
      },
      {
        "Category": "Data",
        "PropertyName": "Live",
        "RuleProviderType": "Unknown"
      },
      {
        "Category": "Data",
        "PropertyName": "Role",
        "RuleProviderType": "Unknown"
      },
      {
        "Category": "Design",
        "PropertyName": "ZIndex",
        "RuleProviderType": "Unknown"
      },
      {
        "Category": "Design",
        "PropertyName": "Overflow",
        "RuleProviderType": "Unknown"
      },
      {
        "Category": "Design",
        "PropertyName": "Color",
        "RuleProviderType": "Unknown"
      },
      {
        "Category": "Design",
        "PropertyName": "DisabledColor",
        "RuleProviderType": "Unknown"
      },
      {
        "Category": "Design",
        "PropertyName": "PressedColor",
        "RuleProviderType": "Unknown"
      },
      {
        "Category": "Design",
        "PropertyName": "HoverColor",
        "RuleProviderType": "Unknown"
      },
      {
        "Category": "Design",
        "PropertyName": "BorderColor",
        "RuleProviderType": "Unknown"
      },
      {
        "Category": "Design",
        "PropertyName": "DisabledBorderColor",
        "RuleProviderType": "Unknown"
      },
      {
        "Category": "Design",
        "PropertyName": "PressedBorderColor",
        "RuleProviderType": "Unknown"
      },
      {
        "Category": "Design",
        "PropertyName": "HoverBorderColor",
        "RuleProviderType": "Unknown"
      },
      {
        "Category": "Design",
        "PropertyName": "BorderStyle",
        "RuleProviderType": "Unknown"
      },
      {
        "Category": "Design",
        "PropertyName": "Fill",
        "RuleProviderType": "Unknown"
      },
      {
        "Category": "Design",
        "PropertyName": "DisabledFill",
        "RuleProviderType": "Unknown"
      },
      {
        "Category": "Design",
        "PropertyName": "PressedFill",
        "RuleProviderType": "Unknown"
      },
      {
        "Category": "Design",
        "PropertyName": "HoverFill",
        "RuleProviderType": "Unknown"
      },
      {
        "Category": "Design",
        "PropertyName": "Font",
        "RuleProviderType": "Unknown"
      },
      {
        "Category": "Design",
        "PropertyName": "FontWeight",
        "RuleProviderType": "Unknown"
      },
      {
        "Category": "Design",
        "PropertyName": "Align",
        "RuleProviderType": "Unknown"
      },
      {
        "Category": "Design",
        "PropertyName": "VerticalAlign",
        "RuleProviderType": "Unknown"
      },
      {
        "Category": "Design",
        "PropertyName": "X",
        "RuleProviderType": "Unknown"
      },
      {
        "Category": "Design",
        "PropertyName": "Y",
        "RuleProviderType": "Unknown"
      },
      {
        "Category": "Design",
        "PropertyName": "Width",
        "RuleProviderType": "Unknown"
      },
      {
        "Category": "Design",
        "PropertyName": "Height",
        "RuleProviderType": "Unknown"
      },
      {
        "Category": "Design",
        "PropertyName": "Size",
        "RuleProviderType": "Unknown"
      },
      {
        "Category": "Design",
        "PropertyName": "FocusedBorderThickness",
        "RuleProviderType": "Unknown"
      },
      {
        "Category": "Design",
        "PropertyName": "TabIndex",
        "RuleProviderType": "Unknown"
      },
      {
        "Category": "Design",
        "PropertyName": "DisplayMode",
        "RuleProviderType": "Unknown"
      },
      {
        "Category": "Design",
        "PropertyName": "IsErrorMessage",
        "RuleProviderType": "Unknown"
      },
      {
        "Category": "Design",
        "PropertyName": "FocusedBorderColor",
        "RuleProviderType": "Unknown"
      }
    ],
    "StyleName": "invertedBkgHeaderLabelStyle",
    "Type": "ControlInfo"
  },
  "TextBox2_9": {
    "AllowAccessToGlobals": true,
    "ControlPropertyState": [
      {
        "AFDDataSourceName": "",
        "AutoRuleBindingEnabled": false,
        "AutoRuleBindingString": "ThisItem.SampleHeading",
        "InvariantPropertyName": "Text",
        "IsLockable": false,
        "NameMapSourceSchema": "*[]"
      },
      {
        "AFDDataSourceName": "",
        "AutoRuleBindingEnabled": true,
        "AutoRuleBindingString": "",
        "InvariantPropertyName": "ZIndex",
        "IsLockable": false,
        "NameMapSourceSchema": "*[]"
      },
      {
        "AFDDataSourceName": "",
        "AutoRuleBindingEnabled": false,
        "AutoRuleBindingString": "RGBA(47,41,43,1)",
        "InvariantPropertyName": "Color",
        "IsLockable": false,
        "NameMapSourceSchema": "*[]"
      },
      {
        "AFDDataSourceName": "",
        "AutoRuleBindingEnabled": true,
        "AutoRuleBindingString": "",
        "InvariantPropertyName": "DisabledColor",
        "IsLockable": false,
        "NameMapSourceSchema": "*[]"
      },
      {
        "AFDDataSourceName": "",
        "AutoRuleBindingEnabled": false,
        "AutoRuleBindingString": "27",
        "InvariantPropertyName": "Size",
        "IsLockable": false,
        "NameMapSourceSchema": "*[]"
      },
      {
        "AFDDataSourceName": "",
        "AutoRuleBindingEnabled": true,
        "AutoRuleBindingString": "",
        "InvariantPropertyName": "X",
        "IsLockable": false,
        "NameMapSourceSchema": "*[]"
      },
      {
        "AFDDataSourceName": "",
        "AutoRuleBindingEnabled": true,
        "AutoRuleBindingString": "",
        "InvariantPropertyName": "Y",
        "IsLockable": false,
        "NameMapSourceSchema": "*[]"
      },
      {
        "AFDDataSourceName": "",
        "AutoRuleBindingEnabled": true,
        "AutoRuleBindingString": "",
        "InvariantPropertyName": "Width",
        "IsLockable": false,
        "NameMapSourceSchema": "*[]"
      },
      {
        "AFDDataSourceName": "",
        "AutoRuleBindingEnabled": true,
        "AutoRuleBindingString": "",
        "InvariantPropertyName": "Height",
        "IsLockable": false,
        "NameMapSourceSchema": "*[]"
      },
      {
        "AFDDataSourceName": "",
        "AutoRuleBindingEnabled": true,
        "AutoRuleBindingString": "",
        "InvariantPropertyName": "Font",
        "IsLockable": false,
        "NameMapSourceSchema": "*[]"
      },
      {
        "AFDDataSourceName": "",
        "AutoRuleBindingEnabled": false,
        "AutoRuleBindingString": "FontWeight.Normal",
        "InvariantPropertyName": "FontWeight",
        "IsLockable": false,
        "NameMapSourceSchema": "*[]"
      },
      {
        "AFDDataSourceName": "",
        "AutoRuleBindingEnabled": false,
        "AutoRuleBindingString": "false",
        "InvariantPropertyName": "OnSelect",
        "IsLockable": false,
        "NameMapSourceSchema": "*[]"
      },
      {
        "AFDDataSourceName": "",
        "AutoRuleBindingEnabled": true,
        "AutoRuleBindingString": "",
        "InvariantPropertyName": "Align",
        "IsLockable": false,
        "NameMapSourceSchema": "*[]"
      },
      {
        "AFDDataSourceName": "",
        "AutoRuleBindingEnabled": true,
        "AutoRuleBindingString": "",
        "InvariantPropertyName": "BorderStyle",
        "IsLockable": false,
        "NameMapSourceSchema": "*[]"
      },
      {
        "AFDDataSourceName": "",
        "AutoRuleBindingEnabled": true,
        "AutoRuleBindingString": "",
        "InvariantPropertyName": "Overflow",
        "IsLockable": false,
        "NameMapSourceSchema": "*[]"
      },
      {
        "AFDDataSourceName": "",
        "AutoRuleBindingEnabled": true,
        "AutoRuleBindingString": "",
        "InvariantPropertyName": "VerticalAlign",
        "IsLockable": false,
        "NameMapSourceSchema": "*[]"
      },
      {
        "AFDDataSourceName": "",
        "AutoRuleBindingEnabled": false,
        "AutoRuleBindingString": "5",
        "InvariantPropertyName": "PaddingLeft",
        "IsLockable": false,
        "NameMapSourceSchema": "*[]"
      },
      {
        "AFDDataSourceName": "",
        "AutoRuleBindingEnabled": false,
        "AutoRuleBindingString": "5",
        "InvariantPropertyName": "PaddingBottom",
        "IsLockable": false,
        "NameMapSourceSchema": "*[]"
      },
      {
        "AFDDataSourceName": "",
        "AutoRuleBindingEnabled": false,
        "AutoRuleBindingString": "5",
        "InvariantPropertyName": "PaddingRight",
        "IsLockable": false,
        "NameMapSourceSchema": "*[]"
      },
      {
        "AFDDataSourceName": "",
        "AutoRuleBindingEnabled": false,
        "AutoRuleBindingString": "5",
        "InvariantPropertyName": "PaddingTop",
        "IsLockable": false,
        "NameMapSourceSchema": "*[]"
      },
      "PressedColor",
      "HoverColor",
      "BorderColor",
      "DisabledBorderColor",
      "PressedBorderColor",
      "HoverBorderColor",
      "Fill",
      "DisabledFill",
      "PressedFill",
      "HoverFill",
      "FocusedBorderThickness",
      "DisplayMode",
      "TabIndex",
      "Live",
      "IsErrorMessage",
      "Role",
      "FocusedBorderColor"
    ],
    "HasDynamicProperties": false,
    "IsAutoGenerated": false,
    "IsComponentDefinition": false,
    "IsDataControl": false,
    "IsFromScreenLayout": false,
    "IsGroupControl": false,
    "IsLocked": false,
    "LayoutName": "",
    "MetaDataIDKey": "",
    "Name": "TextBox2_9",
    "ParentIndex": 2,
    "PersistMetaDataIDKey": false,
    "Properties": [
      {
        "Category": "Data",
        "PropertyName": "Text",
        "RuleProviderType": "Unknown"
      },
      {
        "Category": "Data",
        "PropertyName": "Live",
        "RuleProviderType": "Unknown"
      },
      {
        "Category": "Data",
        "PropertyName": "Role",
        "RuleProviderType": "Unknown"
      },
      {
        "Category": "Design",
        "PropertyName": "BorderColor",
        "RuleProviderType": "Unknown"
      },
      {
        "Category": "Design",
        "PropertyName": "PressedColor",
        "RuleProviderType": "Unknown"
      },
      {
        "Category": "Design",
        "PropertyName": "DisabledColor",
        "RuleProviderType": "Unknown"
      },
      {
        "Category": "Design",
        "PropertyName": "HoverBorderColor",
        "RuleProviderType": "Unknown"
      },
      {
        "Category": "Design",
        "PropertyName": "ZIndex",
        "RuleProviderType": "Unknown"
      },
      {
        "Category": "Design",
        "PropertyName": "Height",
        "RuleProviderType": "Unknown"
      },
      {
        "Category": "Design",
        "PropertyName": "Width",
        "RuleProviderType": "Unknown"
      },
      {
        "Category": "Design",
        "PropertyName": "Y",
        "RuleProviderType": "Unknown"
      },
      {
        "Category": "Design",
        "PropertyName": "X",
        "RuleProviderType": "Unknown"
      },
      {
        "Category": "Design",
        "PropertyName": "Overflow",
        "RuleProviderType": "Unknown"
      },
      {
        "Category": "Design",
        "PropertyName": "VerticalAlign",
        "RuleProviderType": "Unknown"
      },
      {
        "Category": "Design",
        "PropertyName": "Align",
        "RuleProviderType": "Unknown"
      },
      {
        "Category": "Design",
        "PropertyName": "FontWeight",
        "RuleProviderType": "Unknown"
      },
      {
        "Category": "Design",
        "PropertyName": "Size",
        "RuleProviderType": "Unknown"
      },
      {
        "Category": "Design",
        "PropertyName": "Font",
        "RuleProviderType": "Unknown"
      },
      {
        "Category": "Design",
        "PropertyName": "HoverFill",
        "RuleProviderType": "Unknown"
      },
      {
        "Category": "Design",
        "PropertyName": "DisabledFill",
        "RuleProviderType": "Unknown"
      },
      {
        "Category": "Design",
        "PropertyName": "Fill",
        "RuleProviderType": "Unknown"
      },
      {
        "Category": "Design",
        "PropertyName": "BorderStyle",
        "RuleProviderType": "Unknown"
      },
      {
        "Category": "Design",
        "PropertyName": "PressedBorderColor",
        "RuleProviderType": "Unknown"
      },
      {
        "Category": "Design",
        "PropertyName": "DisabledBorderColor",
        "RuleProviderType": "Unknown"
      },
      {
        "Category": "Design",
        "PropertyName": "HoverColor",
        "RuleProviderType": "Unknown"
      },
      {
        "Category": "Design",
        "PropertyName": "PressedFill",
        "RuleProviderType": "Unknown"
      },
      {
        "Category": "Design",
        "PropertyName": "Color",
        "RuleProviderType": "Unknown"
      },
      {
        "Category": "Design",
        "PropertyName": "PaddingLeft",
        "RuleProviderType": "Unknown"
      },
      {
        "Category": "Design",
        "PropertyName": "PaddingBottom",
        "RuleProviderType": "Unknown"
      },
      {
        "Category": "Design",
        "PropertyName": "PaddingRight",
        "RuleProviderType": "Unknown"
      },
      {
        "Category": "Design",
        "PropertyName": "PaddingTop",
        "RuleProviderType": "Unknown"
      },
      {
        "Category": "Design",
        "PropertyName": "FocusedBorderThickness",
        "RuleProviderType": "Unknown"
      },
      {
        "Category": "Design",
        "PropertyName": "TabIndex",
        "RuleProviderType": "Unknown"
      },
      {
        "Category": "Design",
        "PropertyName": "DisplayMode",
        "RuleProviderType": "Unknown"
      },
      {
        "Category": "Design",
        "PropertyName": "IsErrorMessage",
        "RuleProviderType": "Unknown"
      },
      {
        "Category": "Design",
        "PropertyName": "FocusedBorderColor",
        "RuleProviderType": "Unknown"
      },
      {
        "Category": "Behavior",
        "PropertyName": "OnSelect",
        "RuleProviderType": "Unknown"
      }
    ],
    "StyleName": "headerLabelStyle",
    "Type": "ControlInfo"
  }
}