{
  "Group12_4": {
    "AllowAccessToGlobals": true,
    "ControlPropertyState": [
      {
        "AFDDataSourceName": "",
        "AutoRuleBindingEnabled": true,
        "AutoRuleBindingString": "",
        "InvariantPropertyName": "X",
        "IsLockable": false,
        "NameMapSourceSchema": "*[]"
      },
      {
        "AFDDataSourceName": "",
        "AutoRuleBindingEnabled": true,
        "AutoRuleBindingString": "",
        "InvariantPropertyName": "Y",
        "IsLockable": false,
        "NameMapSourceSchema": "*[]"
      },
      {
        "AFDDataSourceName": "",
        "AutoRuleBindingEnabled": true,
        "AutoRuleBindingString": "",
        "InvariantPropertyName": "Width",
        "IsLockable": false,
        "NameMapSourceSchema": "*[]"
      },
      {
        "AFDDataSourceName": "",
        "AutoRuleBindingEnabled": true,
        "AutoRuleBindingString": "",
        "InvariantPropertyName": "Height",
        "IsLockable": false,
        "NameMapSourceSchema": "*[]"
      },
      {
        "AFDDataSourceName": "",
        "AutoRuleBindingEnabled": true,
        "AutoRuleBindingString": "",
        "InvariantPropertyName": "ZIndex",
        "IsLockable": false,
        "NameMapSourceSchema": "*[]"
      }
    ],
    "HasDynamicProperties": false,
    "IsAutoGenerated": false,
    "IsComponentDefinition": false,
    "IsDataControl": false,
    "IsFromScreenLayout": false,
    "IsGroupControl": true,
    "IsLocked": false,
    "LayoutName": "",
    "MetaDataIDKey": "",
    "Name": "Group12_4",
    "ParentIndex": 5,
    "PersistMetaDataIDKey": false,
    "Properties": [
      {
        "Category": "Design",
        "PropertyName": "Width",
        "RuleProviderType": "Unknown"
      },
      {
        "Category": "Design",
        "PropertyName": "Height",
        "RuleProviderType": "Unknown"
      },
      {
        "Category": "Design",
        "PropertyName": "ZIndex",
        "RuleProviderType": "Unknown"
      },
      {
        "Category": "Design",
        "PropertyName": "X",
        "RuleProviderType": "Unknown"
      },
      {
        "Category": "Design",
        "PropertyName": "Y",
        "RuleProviderType": "Unknown"
      }
    ],
    "StyleName": "",
    "Type": "ControlInfo"
  },
  "Group8": {
    "AllowAccessToGlobals": true,
    "ControlPropertyState": [
      {
        "AFDDataSourceName": "",
        "AutoRuleBindingEnabled": true,
        "AutoRuleBindingString": "",
        "InvariantPropertyName": "X",
        "IsLockable": false,
        "NameMapSourceSchema": "*[]"
      },
      {
        "AFDDataSourceName": "",
        "AutoRuleBindingEnabled": true,
        "AutoRuleBindingString": "",
        "InvariantPropertyName": "Y",
        "IsLockable": false,
        "NameMapSourceSchema": "*[]"
      },
      {
        "AFDDataSourceName": "",
        "AutoRuleBindingEnabled": true,
        "AutoRuleBindingString": "",
        "InvariantPropertyName": "Width",
        "IsLockable": false,
        "NameMapSourceSchema": "*[]"
      },
      {
        "AFDDataSourceName": "",
        "AutoRuleBindingEnabled": true,
        "AutoRuleBindingString": "",
        "InvariantPropertyName": "Height",
        "IsLockable": false,
        "NameMapSourceSchema": "*[]"
      },
      {
        "AFDDataSourceName": "",
        "AutoRuleBindingEnabled": true,
        "AutoRuleBindingString": "",
        "InvariantPropertyName": "ZIndex",
        "IsLockable": false,
        "NameMapSourceSchema": "*[]"
      }
    ],
    "HasDynamicProperties": false,
    "IsAutoGenerated": false,
    "IsComponentDefinition": false,
    "IsDataControl": false,
    "IsFromScreenLayout": false,
    "IsGroupControl": true,
    "IsLocked": false,
    "LayoutName": "",
    "MetaDataIDKey": "",
    "Name": "Group8",
    "ParentIndex": 6,
    "PersistMetaDataIDKey": false,
    "Properties": [
      {
        "Category": "Design",
        "PropertyName": "X",
        "RuleProviderType": "Unknown"
      },
      {
        "Category": "Design",
        "PropertyName": "Y",
        "RuleProviderType": "Unknown"
      },
      {
        "Category": "Design",
        "PropertyName": "Width",
        "RuleProviderType": "Unknown"
      },
      {
        "Category": "Design",
        "PropertyName": "Height",
        "RuleProviderType": "Unknown"
      },
      {
        "Category": "Design",
        "PropertyName": "ZIndex",
        "RuleProviderType": "Unknown"
      }
    ],
    "StyleName": "",
    "Type": "ControlInfo"
  },
  "icon4_8": {
    "AllowAccessToGlobals": true,
    "ControlPropertyState": [
      {
        "AFDDataSourceName": "",
        "AutoRuleBindingEnabled": true,
        "AutoRuleBindingString": "",
        "InvariantPropertyName": "ZIndex",
        "IsLockable": false,
        "NameMapSourceSchema": "*[]"
      },
      "Icon",
      {
        "AFDDataSourceName": "",
        "AutoRuleBindingEnabled": true,
        "AutoRuleBindingString": "",
        "InvariantPropertyName": "DisabledColor",
        "IsLockable": false,
        "NameMapSourceSchema": "*[]"
      },
      {
        "AFDDataSourceName": "",
        "AutoRuleBindingEnabled": true,
        "AutoRuleBindingString": "",
        "InvariantPropertyName": "X",
        "IsLockable": false,
        "NameMapSourceSchema": "*[]"
      },
      {
        "AFDDataSourceName": "",
        "AutoRuleBindingEnabled": true,
        "AutoRuleBindingString": "",
        "InvariantPropertyName": "Y",
        "IsLockable": false,
        "NameMapSourceSchema": "*[]"
      },
      {
        "AFDDataSourceName": "",
        "AutoRuleBindingEnabled": true,
        "AutoRuleBindingString": "",
        "InvariantPropertyName": "Height",
        "IsLockable": false,
        "NameMapSourceSchema": "*[]"
      },
      {
        "AFDDataSourceName": "",
        "AutoRuleBindingEnabled": true,
        "AutoRuleBindingString": "",
        "InvariantPropertyName": "Width",
        "IsLockable": false,
        "NameMapSourceSchema": "*[]"
      },
      {
        "AFDDataSourceName": "",
        "AutoRuleBindingEnabled": false,
        "AutoRuleBindingString": "false",
        "InvariantPropertyName": "OnSelect",
        "IsLockable": false,
        "NameMapSourceSchema": "*[]"
      },
      {
        "AFDDataSourceName": "",
        "AutoRuleBindingEnabled": false,
        "AutoRuleBindingString": "RGBA(101,128,187,1)",
        "InvariantPropertyName": "Color",
        "IsLockable": false,
        "NameMapSourceSchema": "*[]"
      },
      "AutoDisableOnSelect",
      "PressedColor",
      "HoverColor",
      "Fill",
      "DisabledFill",
      "PressedFill",
      "HoverFill",
      "PaddingTop",
      "PaddingRight",
      "PaddingBottom",
      "PaddingLeft",
      "TabIndex",
      "Tooltip",
      "BorderStyle",
      "BorderColor",
      "DisabledBorderColor",
      "PressedBorderColor",
      "HoverBorderColor",
      "BorderThickness",
      "FocusedBorderThickness",
      "DisplayMode",
      "Rotation",
      "AccessibleLabel",
      "FocusedBorderColor"
    ],
    "HasDynamicProperties": false,
    "IsAutoGenerated": false,
    "IsComponentDefinition": false,
    "IsDataControl": false,
    "IsFromScreenLayout": false,
    "IsGroupControl": false,
    "IsLocked": false,
    "LayoutName": "",
    "MetaDataIDKey": "",
    "Name": "icon4_8",
    "ParentIndex": 3,
    "PersistMetaDataIDKey": false,
    "Properties": [
      {
        "Category": "Data",
        "PropertyName": "Tooltip",
        "RuleProviderType": "Unknown"
      },
      {
        "Category": "Data",
        "PropertyName": "AccessibleLabel",
        "RuleProviderType": "Unknown"
      },
      {
        "Category": "Design",
        "PropertyName": "Icon",
        "RuleProviderType": "Unknown"
      },
      {
        "Category": "Design",
        "PropertyName": "ZIndex",
        "RuleProviderType": "Unknown"
      },
      {
        "Category": "Design",
        "PropertyName": "HoverFill",
        "RuleProviderType": "Unknown"
      },
      {
        "Category": "Design",
        "PropertyName": "PressedFill",
        "RuleProviderType": "Unknown"
      },
      {
        "Category": "Design",
        "PropertyName": "DisabledFill",
        "RuleProviderType": "Unknown"
      },
      {
        "Category": "Design",
        "PropertyName": "Fill",
        "RuleProviderType": "Unknown"
      },
      {
        "Category": "Design",
        "PropertyName": "X",
        "RuleProviderType": "Unknown"
      },
      {
        "Category": "Design",
        "PropertyName": "Y",
        "RuleProviderType": "Unknown"
      },
      {
        "Category": "Design",
        "PropertyName": "Width",
        "RuleProviderType": "Unknown"
      },
      {
        "Category": "Design",
        "PropertyName": "Height",
        "RuleProviderType": "Unknown"
      },
      {
        "Category": "Design",
        "PropertyName": "Color",
        "RuleProviderType": "Unknown"
      },
      {
        "Category": "Design",
        "PropertyName": "DisabledColor",
        "RuleProviderType": "Unknown"
      },
      {
        "Category": "Design",
        "PropertyName": "PressedColor",
        "RuleProviderType": "Unknown"
      },
      {
        "Category": "Design",
        "PropertyName": "HoverColor",
        "RuleProviderType": "Unknown"
      },
      {
        "Category": "Design",
        "PropertyName": "PaddingTop",
        "RuleProviderType": "Unknown"
      },
      {
        "Category": "Design",
        "PropertyName": "PaddingBottom",
        "RuleProviderType": "Unknown"
      },
      {
        "Category": "Design",
        "PropertyName": "PaddingLeft",
        "RuleProviderType": "Unknown"
      },
      {
        "Category": "Design",
        "PropertyName": "PaddingRight",
        "RuleProviderType": "Unknown"
      },
      {
        "Category": "Design",
        "PropertyName": "BorderStyle",
        "RuleProviderType": "Unknown"
      },
      {
        "Category": "Design",
        "PropertyName": "BorderColor",
        "RuleProviderType": "Unknown"
      },
      {
        "Category": "Design",
        "PropertyName": "DisabledBorderColor",
        "RuleProviderType": "Unknown"
      },
      {
        "Category": "Design",
        "PropertyName": "PressedBorderColor",
        "RuleProviderType": "Unknown"
      },
      {
        "Category": "Design",
        "PropertyName": "HoverBorderColor",
        "RuleProviderType": "Unknown"
      },
      {
        "Category": "Design",
        "PropertyName": "BorderThickness",
        "RuleProviderType": "Unknown"
      },
      {
        "Category": "Design",
        "PropertyName": "FocusedBorderThickness",
        "RuleProviderType": "Unknown"
      },
      {
        "Category": "Design",
        "PropertyName": "AutoDisableOnSelect",
        "RuleProviderType": "Unknown"
      },
      {
        "Category": "Design",
        "PropertyName": "TabIndex",
        "RuleProviderType": "Unknown"
      },
      {
        "Category": "Design",
        "PropertyName": "DisplayMode",
        "RuleProviderType": "Unknown"
      },
      {
        "Category": "Design",
        "PropertyName": "Rotation",
        "RuleProviderType": "Unknown"
      },
      {
        "Category": "Design",
        "PropertyName": "FocusedBorderColor",
        "RuleProviderType": "Unknown"
      },
      {
        "Category": "Behavior",
        "PropertyName": "OnSelect",
        "RuleProviderType": "Unknown"
      }
    ],
    "StyleName": "defaultIconStyle",
    "Type": "ControlInfo"
  },
  "icon8": {
    "AllowAccessToGlobals": true,
    "ControlPropertyState": [
      {
        "AFDDataSourceName": "",
        "AutoRuleBindingEnabled": true,
        "AutoRuleBindingString": "",
        "InvariantPropertyName": "ZIndex",
        "IsLockable": false,
        "NameMapSourceSchema": "*[]"
      },
      "Icon",
      {
        "AFDDataSourceName": "",
        "AutoRuleBindingEnabled": true,
        "AutoRuleBindingString": "",
        "InvariantPropertyName": "DisabledColor",
        "IsLockable": false,
        "NameMapSourceSchema": "*[]"
      },
      {
        "AFDDataSourceName": "",
        "AutoRuleBindingEnabled": true,
        "AutoRuleBindingString": "",
        "InvariantPropertyName": "X",
        "IsLockable": false,
        "NameMapSourceSchema": "*[]"
      },
      {
        "AFDDataSourceName": "",
        "AutoRuleBindingEnabled": true,
        "AutoRuleBindingString": "",
        "InvariantPropertyName": "Y",
        "IsLockable": false,
        "NameMapSourceSchema": "*[]"
      },
      {
        "AFDDataSourceName": "",
        "AutoRuleBindingEnabled": false,
        "AutoRuleBindingString": "false",
        "InvariantPropertyName": "OnSelect",
        "IsLockable": false,
        "NameMapSourceSchema": "*[]"
      },
      {
        "AFDDataSourceName": "",
        "AutoRuleBindingEnabled": false,
        "AutoRuleBindingString": "RGBA(101,128,187,1)",
        "InvariantPropertyName": "Color",
        "IsLockable": false,
        "NameMapSourceSchema": "*[]"
      },
      "AutoDisableOnSelect",
      "PressedColor",
      "HoverColor",
      "Fill",
      "DisabledFill",
      "PressedFill",
      "HoverFill",
      "Width",
      "Height",
      "PaddingTop",
      "PaddingRight",
      "PaddingBottom",
      "PaddingLeft",
      "TabIndex",
      "Tooltip",
      "BorderStyle",
      "BorderColor",
      "DisabledBorderColor",
      "PressedBorderColor",
      "HoverBorderColor",
      "BorderThickness",
      "FocusedBorderThickness",
      "DisplayMode",
      "Rotation",
      "AccessibleLabel",
      "FocusedBorderColor"
    ],
    "HasDynamicProperties": false,
    "IsAutoGenerated": false,
    "IsComponentDefinition": false,
    "IsDataControl": false,
    "IsFromScreenLayout": false,
    "IsGroupControl": false,
    "IsLocked": false,
    "LayoutName": "",
    "MetaDataIDKey": "",
    "Name": "icon8",
    "ParentIndex": 4,
    "PersistMetaDataIDKey": false,
    "Properties": [
      {
        "Category": "Data",
        "PropertyName": "Tooltip",
        "RuleProviderType": "Unknown"
      },
      {
        "Category": "Data",
        "PropertyName": "AccessibleLabel",
        "RuleProviderType": "Unknown"
      },
      {
        "Category": "Design",
        "PropertyName": "Icon",
        "RuleProviderType": "Unknown"
      },
      {
        "Category": "Design",
        "PropertyName": "HoverFill",
        "RuleProviderType": "Unknown"
      },
      {
        "Category": "Design",
        "PropertyName": "PressedFill",
        "RuleProviderType": "Unknown"
      },
      {
        "Category": "Design",
        "PropertyName": "DisabledFill",
        "RuleProviderType": "Unknown"
      },
      {
        "Category": "Design",
        "PropertyName": "Fill",
        "RuleProviderType": "Unknown"
      },
      {
        "Category": "Design",
        "PropertyName": "X",
        "RuleProviderType": "Unknown"
      },
      {
        "Category": "Design",
        "PropertyName": "Y",
        "RuleProviderType": "Unknown"
      },
      {
        "Category": "Design",
        "PropertyName": "Width",
        "RuleProviderType": "Unknown"
      },
      {
        "Category": "Design",
        "PropertyName": "Height",
        "RuleProviderType": "Unknown"
      },
      {
        "Category": "Design",
        "PropertyName": "ZIndex",
        "RuleProviderType": "Unknown"
      },
      {
        "Category": "Design",
        "PropertyName": "Color",
        "RuleProviderType": "Unknown"
      },
      {
        "Category": "Design",
        "PropertyName": "DisabledColor",
        "RuleProviderType": "Unknown"
      },
      {
        "Category": "Design",
        "PropertyName": "PressedColor",
        "RuleProviderType": "Unknown"
      },
      {
        "Category": "Design",
        "PropertyName": "HoverColor",
        "RuleProviderType": "Unknown"
      },
      {
        "Category": "Design",
        "PropertyName": "PaddingTop",
        "RuleProviderType": "Unknown"
      },
      {
        "Category": "Design",
        "PropertyName": "PaddingBottom",
        "RuleProviderType": "Unknown"
      },
      {
        "Category": "Design",
        "PropertyName": "PaddingLeft",
        "RuleProviderType": "Unknown"
      },
      {
        "Category": "Design",
        "PropertyName": "PaddingRight",
        "RuleProviderType": "Unknown"
      },
      {
        "Category": "Design",
        "PropertyName": "BorderStyle",
        "RuleProviderType": "Unknown"
      },
      {
        "Category": "Design",
        "PropertyName": "BorderColor",
        "RuleProviderType": "Unknown"
      },
      {
        "Category": "Design",
        "PropertyName": "DisabledBorderColor",
        "RuleProviderType": "Unknown"
      },
      {
        "Category": "Design",
        "PropertyName": "PressedBorderColor",
        "RuleProviderType": "Unknown"
      },
      {
        "Category": "Design",
        "PropertyName": "HoverBorderColor",
        "RuleProviderType": "Unknown"
      },
      {
        "Category": "Design",
        "PropertyName": "BorderThickness",
        "RuleProviderType": "Unknown"
      },
      {
        "Category": "Design",
        "PropertyName": "FocusedBorderThickness",
        "RuleProviderType": "Unknown"
      },
      {
        "Category": "Design",
        "PropertyName": "AutoDisableOnSelect",
        "RuleProviderType": "Unknown"
      },
      {
        "Category": "Design",
        "PropertyName": "TabIndex",
        "RuleProviderType": "Unknown"
      },
      {
        "Category": "Design",
        "PropertyName": "DisplayMode",
        "RuleProviderType": "Unknown"
      },
      {
        "Category": "Design",
        "PropertyName": "Rotation",
        "RuleProviderType": "Unknown"
      },
      {
        "Category": "Design",
        "PropertyName": "FocusedBorderColor",
        "RuleProviderType": "Unknown"
      },
      {
        "Category": "Behavior",
        "PropertyName": "OnSelect",
        "RuleProviderType": "Unknown"
      }
    ],
    "StyleName": "defaultIconStyle",
    "Type": "ControlInfo"
  },
  "Image4": {
    "AllowAccessToGlobals": true,
    "ControlPropertyState": [
      {
        "AFDDataSourceName": "",
        "AutoRuleBindingEnabled": true,
        "AutoRuleBindingString": "",
        "InvariantPropertyName": "ZIndex",
        "IsLockable": false,
        "NameMapSourceSchema": "*[]"
      },
      {
        "AFDDataSourceName": "",
        "AutoRuleBindingEnabled": true,
        "AutoRuleBindingString": "",
        "InvariantPropertyName": "DisabledBorderColor",
        "IsLockable": false,
        "NameMapSourceSchema": "*[]"
      },
      {
        "AFDDataSourceName": "",
        "AutoRuleBindingEnabled": true,
        "AutoRuleBindingString": "",
        "InvariantPropertyName": "DisabledFill",
        "IsLockable": false,
        "NameMapSourceSchema": "*[]"
      },
      {
        "AFDDataSourceName": "",
        "AutoRuleBindingEnabled": true,
        "AutoRuleBindingString": "",
        "InvariantPropertyName": "X",
        "IsLockable": false,
        "NameMapSourceSchema": "*[]"
      },
      {
        "AFDDataSourceName": "",
        "AutoRuleBindingEnabled": true,
        "AutoRuleBindingString": "",
        "InvariantPropertyName": "Y",
        "IsLockable": false,
        "NameMapSourceSchema": "*[]"
      },
      {
        "AFDDataSourceName": "",
        "AutoRuleBindingEnabled": true,
        "AutoRuleBindingString": "",
        "InvariantPropertyName": "Height",
        "IsLockable": false,
        "NameMapSourceSchema": "*[]"
      },
      {
        "AFDDataSourceName": "",
        "AutoRuleBindingEnabled": true,
        "AutoRuleBindingString": "",
        "InvariantPropertyName": "Width",
        "IsLockable": false,
        "NameMapSourceSchema": "*[]"
      },
      {
        "AFDDataSourceName": "",
        "AutoRuleBindingEnabled": false,
        "AutoRuleBindingString": "SampleImage",
        "InvariantPropertyName": "Image",
        "IsLockable": false,
        "NameMapSourceSchema": "*[]"
      },
      {
        "AFDDataSourceName": "",
        "AutoRuleBindingEnabled": false,
        "AutoRuleBindingString": "ImagePosition.Fit",
        "InvariantPropertyName": "ImagePosition",
        "IsLockable": false,
        "NameMapSourceSchema": "*[]"
      },
      "AutoDisableOnSelect",
      "BorderStyle",
      "Fill",
      "PressedFill",
      "HoverFill",
      "BorderColor",
      "PressedBorderColor",
      "HoverBorderColor",
      "FocusedBorderThickness",
      "TabIndex",
      "DisplayMode",
      "ImageRotation",
      "FlipHorizontal",
      "FlipVertical",
      "ApplyEXIFOrientation",
      "AccessibleLabel",
      "FocusedBorderColor"
    ],
    "HasDynamicProperties": false,
    "IsAutoGenerated": false,
    "IsComponentDefinition": false,
    "IsDataControl": false,
    "IsFromScreenLayout": false,
    "IsGroupControl": false,
    "IsLocked": false,
    "LayoutName": "",
    "MetaDataIDKey": "",
    "Name": "Image4",
    "ParentIndex": 0,
    "PersistMetaDataIDKey": false,
    "Properties": [
      {
        "Category": "Data",
        "PropertyName": "Image",
        "RuleProviderType": "Unknown"
      },
      {
        "Category": "Data",
        "PropertyName": "AccessibleLabel",
        "RuleProviderType": "Unknown"
      },
      {
        "Category": "Design",
        "PropertyName": "ImagePosition",
        "RuleProviderType": "Unknown"
      },
      {
        "Category": "Design",
        "PropertyName": "X",
        "RuleProviderType": "Unknown"
      },
      {
        "Category": "Design",
        "PropertyName": "Y",
        "RuleProviderType": "Unknown"
      },
      {
        "Category": "Design",
        "PropertyName": "Width",
        "RuleProviderType": "Unknown"
      },
      {
        "Category": "Design",
        "PropertyName": "Height",
        "RuleProviderType": "Unknown"
      },
      {
        "Category": "Design",
        "PropertyName": "Fill",
        "RuleProviderType": "Unknown"
      },
      {
        "Category": "Design",
        "PropertyName": "DisabledFill",
        "RuleProviderType": "Unknown"
      },
      {
        "Category": "Design",
        "PropertyName": "PressedFill",
        "RuleProviderType": "Unknown"
      },
      {
        "Category": "Design",
        "PropertyName": "HoverFill",
        "RuleProviderType": "Unknown"
      },
      {
        "Category": "Design",
        "PropertyName": "BorderColor",
        "RuleProviderType": "Unknown"
      },
      {
        "Category": "Design",
        "PropertyName": "DisabledBorderColor",
        "RuleProviderType": "Unknown"
      },
      {
        "Category": "Design",
        "PropertyName": "PressedBorderColor",
        "RuleProviderType": "Unknown"
      },
      {
        "Category": "Design",
        "PropertyName": "HoverBorderColor",
        "RuleProviderType": "Unknown"
      },
      {
        "Category": "Design",
        "PropertyName": "BorderStyle",
        "RuleProviderType": "Unknown"
      },
      {
        "Category": "Design",
        "PropertyName": "ZIndex",
        "RuleProviderType": "Unknown"
      },
      {
        "Category": "Design",
        "PropertyName": "AutoDisableOnSelect",
        "RuleProviderType": "Unknown"
      },
      {
        "Category": "Design",
        "PropertyName": "FocusedBorderThickness",
        "RuleProviderType": "Unknown"
      },
      {
        "Category": "Design",
        "PropertyName": "TabIndex",
        "RuleProviderType": "Unknown"
      },
      {
        "Category": "Design",
        "PropertyName": "DisplayMode",
        "RuleProviderType": "Unknown"
      },
      {
        "Category": "Design",
        "PropertyName": "FocusedBorderColor",
        "RuleProviderType": "Unknown"
      },
      {
        "Category": "Design",
        "PropertyName": "ApplyEXIFOrientation",
        "RuleProviderType": "Unknown"
      },
      {
        "Category": "Design",
        "PropertyName": "ImageRotation",
        "RuleProviderType": "Unknown"
      },
      {
        "Category": "Design",
        "PropertyName": "FlipHorizontal",
        "RuleProviderType": "Unknown"
      },
      {
        "Category": "Design",
        "PropertyName": "FlipVertical",
        "RuleProviderType": "Unknown"
      }
    ],
    "StyleName": "defaultImageStyle",
    "Type": "ControlInfo"
  },
  "PreviewImagePage": {
    "AllowAccessToGlobals": true,
    "ControlPropertyState": [
      {
        "AFDDataSourceName": "",
        "AutoRuleBindingEnabled": false,
        "AutoRuleBindingString": "RGBA(255,255,255,1)",
        "InvariantPropertyName": "Fill",
        "IsLockable": false,
        "NameMapSourceSchema": "*[]"
      },
      "BackgroundImage",
      "ImagePosition",
      "Height",
      "Width",
      "Size",
      "Orientation",
      "LoadingSpinner",
      "LoadingSpinnerColor"
    ],
    "IsAutoGenerated": false,
    "IsComponentDefinition": false,
    "IsDataControl": false,
    "IsFromScreenLayout": false,
    "IsGroupControl": false,
    "IsLocked": false,
    "LayoutName": "",
    "MetaDataIDKey": "",
    "Name": "PreviewImagePage",
    "ParentIndex": 0,
    "PersistMetaDataIDKey": false,
    "Properties": [
      {
        "Category": "Design",
        "PropertyName": "Width",
        "RuleProviderType": "Unknown"
      },
      {
        "Category": "Design",
        "PropertyName": "Height",
        "RuleProviderType": "Unknown"
      },
      {
        "Category": "Design",
        "PropertyName": "ImagePosition",
        "RuleProviderType": "Unknown"
      },
      {
        "Category": "Design",
        "PropertyName": "Fill",
        "RuleProviderType": "Unknown"
      },
      {
        "Category": "Design",
        "PropertyName": "LoadingSpinner",
        "RuleProviderType": "Unknown"
      },
      {
        "Category": "Design",
        "PropertyName": "LoadingSpinnerColor",
        "RuleProviderType": "Unknown"
      },
      {
        "Category": "Design",
        "PropertyName": "Size",
        "RuleProviderType": "Unknown"
      },
      {
        "Category": "Design",
        "PropertyName": "Orientation",
        "RuleProviderType": "Unknown"
      }
    ],
    "StyleName": "defaultScreenStyle",
    "Type": "ControlInfo"
  },
  "Rectangle2_10": {
    "AllowAccessToGlobals": true,
    "ControlPropertyState": [
      {
        "AFDDataSourceName": "",
        "AutoRuleBindingEnabled": true,
        "AutoRuleBindingString": "",
        "InvariantPropertyName": "BorderStyle",
        "IsLockable": false,
        "NameMapSourceSchema": "*[]"
      },
      {
        "AFDDataSourceName": "",
        "AutoRuleBindingEnabled": false,
        "AutoRuleBindingString": "RGBA(62,96,170,1)",
        "InvariantPropertyName": "Fill",
        "IsLockable": false,
        "NameMapSourceSchema": "*[]"
      },
      {
        "AFDDataSourceName": "",
        "AutoRuleBindingEnabled": true,
        "AutoRuleBindingString": "",
        "InvariantPropertyName": "X",
        "IsLockable": false,
        "NameMapSourceSchema": "*[]"
      },
      {
        "AFDDataSourceName": "",
        "AutoRuleBindingEnabled": true,
        "AutoRuleBindingString": "",
        "InvariantPropertyName": "Y",
        "IsLockable": false,
        "NameMapSourceSchema": "*[]"
      },
      {
        "AFDDataSourceName": "",
        "AutoRuleBindingEnabled": false,
        "AutoRuleBindingString": "100",
        "InvariantPropertyName": "Height",
        "IsLockable": false,
        "NameMapSourceSchema": "*[]"
      },
      {
        "AFDDataSourceName": "",
        "AutoRuleBindingEnabled": false,
        "AutoRuleBindingString": "150",
        "InvariantPropertyName": "Width",
        "IsLockable": false,
        "NameMapSourceSchema": "*[]"
      },
      {
        "AFDDataSourceName": "",
        "AutoRuleBindingEnabled": true,
        "AutoRuleBindingString": "",
        "InvariantPropertyName": "ZIndex",
        "IsLockable": false,
        "NameMapSourceSchema": "*[]"
      },
      {
        "AFDDataSourceName": "",
        "AutoRuleBindingEnabled": false,
        "AutoRuleBindingString": "false",
        "InvariantPropertyName": "OnSelect",
        "IsLockable": false,
        "NameMapSourceSchema": "*[]"
      },
      "DisabledFill",
      "PressedFill",
      "HoverFill",
      "BorderColor",
      "FocusedBorderThickness",
      "TabIndex",
      "Tooltip",
      "DisplayMode",
      "AccessibleLabel",
      "FocusedBorderColor"
    ],
    "HasDynamicProperties": false,
    "IsAutoGenerated": false,
    "IsComponentDefinition": false,
    "IsDataControl": false,
    "IsFromScreenLayout": false,
    "IsGroupControl": false,
    "IsLocked": false,
    "LayoutName": "",
    "MetaDataIDKey": "",
    "Name": "Rectangle2_10",
    "ParentIndex": 2,
    "PersistMetaDataIDKey": false,
    "Properties": [
      {
        "Category": "Data",
        "PropertyName": "Tooltip",
        "RuleProviderType": "Unknown"
      },
      {
        "Category": "Data",
        "PropertyName": "AccessibleLabel",
        "RuleProviderType": "Unknown"
      },
      {
        "Category": "Design",
        "PropertyName": "Fill",
        "RuleProviderType": "Unknown"
      },
      {
        "Category": "Design",
        "PropertyName": "DisabledFill",
        "RuleProviderType": "Unknown"
      },
      {
        "Category": "Design",
        "PropertyName": "PressedFill",
        "RuleProviderType": "Unknown"
      },
      {
        "Category": "Design",
        "PropertyName": "HoverFill",
        "RuleProviderType": "Unknown"
      },
      {
        "Category": "Design",
        "PropertyName": "BorderColor",
        "RuleProviderType": "Unknown"
      },
      {
        "Category": "Design",
        "PropertyName": "BorderStyle",
        "RuleProviderType": "Unknown"
      },
      {
        "Category": "Design",
        "PropertyName": "X",
        "RuleProviderType": "Unknown"
      },
      {
        "Category": "Design",
        "PropertyName": "Y",
        "RuleProviderType": "Unknown"
      },
      {
        "Category": "Design",
        "PropertyName": "Width",
        "RuleProviderType": "Unknown"
      },
      {
        "Category": "Design",
        "PropertyName": "Height",
        "RuleProviderType": "Unknown"
      },
      {
        "Category": "Design",
        "PropertyName": "ZIndex",
        "RuleProviderType": "Unknown"
      },
      {
        "Category": "Design",
        "PropertyName": "FocusedBorderThickness",
        "RuleProviderType": "Unknown"
      },
      {
        "Category": "Design",
        "PropertyName": "TabIndex",
        "RuleProviderType": "Unknown"
      },
      {
        "Category": "Design",
        "PropertyName": "DisplayMode",
        "RuleProviderType": "Unknown"
      },
      {
        "Category": "Design",
        "PropertyName": "FocusedBorderColor",
        "RuleProviderType": "Unknown"
      },
      {
        "Category": "Behavior",
        "PropertyName": "OnSelect",
        "RuleProviderType": "Unknown"
      }
    ],
    "StyleName": "defaultRectangleStyle",
    "Type": "ControlInfo"
  },
  "Rectangle2_7": {
    "AllowAccessToGlobals": true,
    "ControlPropertyState": [
      {
        "AFDDataSourceName": "",
        "AutoRuleBindingEnabled": true,
        "AutoRuleBindingString": "",
        "InvariantPropertyName": "BorderStyle",
        "IsLockable": false,
        "NameMapSourceSchema": "*[]"
      },
      {
        "AFDDataSourceName": "",
        "AutoRuleBindingEnabled": false,
        "AutoRuleBindingString": "RGBA(62,96,170,1)",
        "InvariantPropertyName": "Fill",
        "IsLockable": false,
        "NameMapSourceSchema": "*[]"
      },
      {
        "AFDDataSourceName": "",
        "AutoRuleBindingEnabled": true,
        "AutoRuleBindingString": "",
        "InvariantPropertyName": "X",
        "IsLockable": false,
        "NameMapSourceSchema": "*[]"
      },
      {
        "AFDDataSourceName": "",
        "AutoRuleBindingEnabled": true,
        "AutoRuleBindingString": "",
        "InvariantPropertyName": "Y",
        "IsLockable": false,
        "NameMapSourceSchema": "*[]"
      },
      {
        "AFDDataSourceName": "",
        "AutoRuleBindingEnabled": false,
        "AutoRuleBindingString": "100",
        "InvariantPropertyName": "Height",
        "IsLockable": false,
        "NameMapSourceSchema": "*[]"
      },
      {
        "AFDDataSourceName": "",
        "AutoRuleBindingEnabled": false,
        "AutoRuleBindingString": "150",
        "InvariantPropertyName": "Width",
        "IsLockable": false,
        "NameMapSourceSchema": "*[]"
      },
      {
        "AFDDataSourceName": "",
        "AutoRuleBindingEnabled": true,
        "AutoRuleBindingString": "",
        "InvariantPropertyName": "ZIndex",
        "IsLockable": false,
        "NameMapSourceSchema": "*[]"
      },
      {
        "AFDDataSourceName": "",
        "AutoRuleBindingEnabled": false,
        "AutoRuleBindingString": "false",
        "InvariantPropertyName": "OnSelect",
        "IsLockable": false,
        "NameMapSourceSchema": "*[]"
      },
      "DisabledFill",
      "PressedFill",
      "HoverFill",
      "BorderColor",
      "FocusedBorderThickness",
      "TabIndex",
      "Tooltip",
      "DisplayMode",
      "AccessibleLabel",
      "FocusedBorderColor"
    ],
    "HasDynamicProperties": false,
    "IsAutoGenerated": false,
    "IsComponentDefinition": false,
    "IsDataControl": false,
    "IsFromScreenLayout": false,
    "IsGroupControl": false,
    "IsLocked": false,
    "LayoutName": "",
    "MetaDataIDKey": "",
    "Name": "Rectangle2_7",
    "ParentIndex": 1,
    "PersistMetaDataIDKey": false,
    "Properties": [
      {
        "Category": "Data",
        "PropertyName": "Tooltip",
        "RuleProviderType": "Unknown"
      },
      {
        "Category": "Data",
        "PropertyName": "AccessibleLabel",
        "RuleProviderType": "Unknown"
      },
      {
        "Category": "Design",
        "PropertyName": "ZIndex",
        "RuleProviderType": "Unknown"
      },
      {
        "Category": "Design",
        "PropertyName": "Fill",
        "RuleProviderType": "Unknown"
      },
      {
        "Category": "Design",
        "PropertyName": "DisabledFill",
        "RuleProviderType": "Unknown"
      },
      {
        "Category": "Design",
        "PropertyName": "PressedFill",
        "RuleProviderType": "Unknown"
      },
      {
        "Category": "Design",
        "PropertyName": "HoverFill",
        "RuleProviderType": "Unknown"
      },
      {
        "Category": "Design",
        "PropertyName": "BorderColor",
        "RuleProviderType": "Unknown"
      },
      {
        "Category": "Design",
        "PropertyName": "BorderStyle",
        "RuleProviderType": "Unknown"
      },
      {
        "Category": "Design",
        "PropertyName": "X",
        "RuleProviderType": "Unknown"
      },
      {
        "Category": "Design",
        "PropertyName": "Y",
        "RuleProviderType": "Unknown"
      },
      {
        "Category": "Design",
        "PropertyName": "Width",
        "RuleProviderType": "Unknown"
      },
      {
        "Category": "Design",
        "PropertyName": "Height",
        "RuleProviderType": "Unknown"
      },
      {
        "Category": "Design",
        "PropertyName": "FocusedBorderThickness",
        "RuleProviderType": "Unknown"
      },
      {
        "Category": "Design",
        "PropertyName": "TabIndex",
        "RuleProviderType": "Unknown"
      },
      {
        "Category": "Design",
        "PropertyName": "DisplayMode",
        "RuleProviderType": "Unknown"
      },
      {
        "Category": "Design",
        "PropertyName": "FocusedBorderColor",
        "RuleProviderType": "Unknown"
      },
      {
        "Category": "Behavior",
        "PropertyName": "OnSelect",
        "RuleProviderType": "Unknown"
      }
    ],
    "StyleName": "defaultRectangleStyle",
    "Type": "ControlInfo"
  }
}