{
  "Gallery2": {
    "AllowAccessToGlobals": true,
    "ControlPropertyState": [
      {
        "AFDDataSourceName": "",
        "AutoRuleBindingEnabled": false,
        "AutoRuleBindingString": "ImageGallerySample",
        "InvariantPropertyName": "Items",
        "IsLockable": false,
        "NameMapSourceSchema": "?"
      },
      "BorderStyle",
      "Layout",
      "TemplateSize",
      "Transition",
      "X",
      "Y",
      "Height",
      "Width",
      "ShowNavigation",
      {
        "AFDDataSourceName": "",
        "AutoRuleBindingEnabled": false,
        "AutoRuleBindingString": "true",
        "InvariantPropertyName": "ShowScrollbar",
        "IsLockable": false,
        "NameMapSourceSchema": "?"
      },
      {
        "AFDDataSourceName": "",
        "AutoRuleBindingEnabled": false,
        "AutoRuleBindingString": "5",
        "InvariantPropertyName": "TemplatePadding",
        "IsLockable": false,
        "NameMapSourceSchema": "?"
      },
      "ZIndex",
      "BorderColor",
      "DisabledBorderColor",
      "PressedBorderColor",
      "HoverBorderColor",
      "Fill",
      "DisabledFill",
      "PressedFill",
      "HoverFill",
      "DisplayMode",
      "Selectable",
      "TemplateMaximumWidth",
      "Reset",
      "AutoHeight",
      "DelayItemLoading",
      "LoadingSpinner",
      "LoadingSpinnerColor",
      "AccessibleLabel",
      "FocusedBorderColor",
      "FocusedBorderThickness",
      "TabIndex"
    ],
    "GalleryTemplateChildName": "galleryTemplate2",
    "HasDynamicProperties": false,
    "IsAutoGenerated": false,
    "IsComponentDefinition": false,
    "IsDataControl": false,
    "IsFromScreenLayout": false,
    "IsGroupControl": false,
    "IsLocked": false,
    "LayoutName": "",
    "MetaDataIDKey": "",
    "Name": "Gallery2",
    "ParentIndex": 7,
    "PersistMetaDataIDKey": false,
    "Properties": [
      {
        "Category": "Data",
        "PropertyName": "Items",
        "RuleProviderType": "Unknown"
      },
      {
        "Category": "Data",
        "PropertyName": "AccessibleLabel",
        "RuleProviderType": "Unknown"
      },
      {
        "Category": "Data",
        "PropertyName": "Reset",
        "RuleProviderType": "Unknown"
      },
      {
        "Category": "Data",
        "PropertyName": "Selectable",
        "RuleProviderType": "Unknown"
      },
      {
        "Category": "Design",
        "PropertyName": "TemplateSize",
        "RuleProviderType": "Unknown"
      },
      {
        "Category": "Design",
        "PropertyName": "Layout",
        "RuleProviderType": "Unknown"
      },
      {
        "Category": "Design",
        "PropertyName": "Transition",
        "RuleProviderType": "Unknown"
      },
      {
        "Category": "Design",
        "PropertyName": "BorderColor",
        "RuleProviderType": "Unknown"
      },
      {
        "Category": "Design",
        "PropertyName": "DisabledBorderColor",
        "RuleProviderType": "Unknown"
      },
      {
        "Category": "Design",
        "PropertyName": "PressedBorderColor",
        "RuleProviderType": "Unknown"
      },
      {
        "Category": "Design",
        "PropertyName": "HoverBorderColor",
        "RuleProviderType": "Unknown"
      },
      {
        "Category": "Design",
        "PropertyName": "BorderStyle",
        "RuleProviderType": "Unknown"
      },
      {
        "Category": "Design",
        "PropertyName": "Fill",
        "RuleProviderType": "Unknown"
      },
      {
        "Category": "Design",
        "PropertyName": "DisabledFill",
        "RuleProviderType": "Unknown"
      },
      {
        "Category": "Design",
        "PropertyName": "PressedFill",
        "RuleProviderType": "Unknown"
      },
      {
        "Category": "Design",
        "PropertyName": "HoverFill",
        "RuleProviderType": "Unknown"
      },
      {
        "Category": "Design",
        "PropertyName": "X",
        "RuleProviderType": "Unknown"
      },
      {
        "Category": "Design",
        "PropertyName": "Y",
        "RuleProviderType": "Unknown"
      },
      {
        "Category": "Design",
        "PropertyName": "Width",
        "RuleProviderType": "Unknown"
      },
      {
        "Category": "Design",
        "PropertyName": "Height",
        "RuleProviderType": "Unknown"
      },
      {
        "Category": "Design",
        "PropertyName": "ZIndex",
        "RuleProviderType": "Unknown"
      },
      {
        "Category": "Design",
        "PropertyName": "ShowScrollbar",
        "RuleProviderType": "Unknown"
      },
      {
        "Category": "Design",
        "PropertyName": "TemplatePadding",
        "RuleProviderType": "Unknown"
      },
      {
        "Category": "Design",
        "PropertyName": "DisplayMode",
        "RuleProviderType": "Unknown"
      },
      {
        "Category": "Design",
        "PropertyName": "TemplateMaximumWidth",
        "RuleProviderType": "Unknown"
      },
      {
        "Category": "Design",
        "PropertyName": "AutoHeight",
        "RuleProviderType": "Unknown"
      },
      {
        "Category": "Design",
        "PropertyName": "DelayItemLoading",
        "RuleProviderType": "Unknown"
      },
      {
        "Category": "Design",
        "PropertyName": "LoadingSpinner",
        "RuleProviderType": "Unknown"
      },
      {
        "Category": "Design",
        "PropertyName": "LoadingSpinnerColor",
        "RuleProviderType": "Unknown"
      },
      {
        "Category": "Design",
        "PropertyName": "TabIndex",
        "RuleProviderType": "Unknown"
      },
      {
        "Category": "Design",
        "PropertyName": "FocusedBorderColor",
        "RuleProviderType": "Unknown"
      },
      {
        "Category": "Design",
        "PropertyName": "FocusedBorderThickness",
        "RuleProviderType": "Unknown"
      }
    ],
    "StyleName": "",
    "Type": "ControlInfo"
  },
  "galleryTemplate2": {
    "AllowAccessToGlobals": true,
    "ControlPropertyState": [
      "TemplateFill",
      "ItemAccessibleLabel",
      "OnSelect"
    ],
    "HasDynamicProperties": false,
    "IsAutoGenerated": false,
    "IsComponentDefinition": false,
    "IsDataControl": true,
    "IsFromScreenLayout": false,
    "IsGroupControl": false,
    "IsLocked": false,
    "LayoutName": "",
    "MetaDataIDKey": "",
    "Name": "galleryTemplate2",
    "ParentIndex": 0,
    "PersistMetaDataIDKey": false,
    "Properties": [
      {
        "Category": "Data",
        "PropertyName": "ItemAccessibleLabel",
        "RuleProviderType": "Unknown"
      },
      {
        "Category": "Design",
        "PropertyName": "TemplateFill",
        "RuleProviderType": "Unknown"
      },
      {
        "Category": "Behavior",
        "PropertyName": "OnSelect",
        "RuleProviderType": "Unknown"
      }
    ],
    "StyleName": "",
    "Type": "ControlInfo"
  },
  "Group2_1": {
    "AllowAccessToGlobals": true,
    "ControlPropertyState": [
      {
        "AFDDataSourceName": "",
        "AutoRuleBindingEnabled": true,
        "AutoRuleBindingString": "",
        "InvariantPropertyName": "X",
        "IsLockable": false,
        "NameMapSourceSchema": "*[]"
      },
      {
        "AFDDataSourceName": "",
        "AutoRuleBindingEnabled": true,
        "AutoRuleBindingString": "",
        "InvariantPropertyName": "Y",
        "IsLockable": false,
        "NameMapSourceSchema": "*[]"
      },
      {
        "AFDDataSourceName": "",
        "AutoRuleBindingEnabled": true,
        "AutoRuleBindingString": "",
        "InvariantPropertyName": "Width",
        "IsLockable": false,
        "NameMapSourceSchema": "*[]"
      },
      {
        "AFDDataSourceName": "",
        "AutoRuleBindingEnabled": true,
        "AutoRuleBindingString": "",
        "InvariantPropertyName": "Height",
        "IsLockable": false,
        "NameMapSourceSchema": "*[]"
      },
      {
        "AFDDataSourceName": "",
        "AutoRuleBindingEnabled": true,
        "AutoRuleBindingString": "",
        "InvariantPropertyName": "ZIndex",
        "IsLockable": false,
        "NameMapSourceSchema": "*[]"
      }
    ],
    "HasDynamicProperties": false,
    "IsAutoGenerated": false,
    "IsComponentDefinition": false,
    "IsDataControl": false,
    "IsFromScreenLayout": false,
    "IsGroupControl": true,
    "IsLocked": false,
    "LayoutName": "",
    "MetaDataIDKey": "",
    "Name": "Group2_1",
    "ParentIndex": 8,
    "PersistMetaDataIDKey": false,
    "Properties": [
      {
        "Category": "Design",
        "PropertyName": "X",
        "RuleProviderType": "Unknown"
      },
      {
        "Category": "Design",
        "PropertyName": "Y",
        "RuleProviderType": "Unknown"
      },
      {
        "Category": "Design",
        "PropertyName": "Width",
        "RuleProviderType": "Unknown"
      },
      {
        "Category": "Design",
        "PropertyName": "Height",
        "RuleProviderType": "Unknown"
      },
      {
        "Category": "Design",
        "PropertyName": "ZIndex",
        "RuleProviderType": "Unknown"
      }
    ],
    "StyleName": "",
    "Type": "ControlInfo"
  },
  "icon4_10": {
    "AllowAccessToGlobals": true,
    "ControlPropertyState": [
      {
        "AFDDataSourceName": "",
        "AutoRuleBindingEnabled": true,
        "AutoRuleBindingString": "",
        "InvariantPropertyName": "ZIndex",
        "IsLockable": false,
        "NameMapSourceSchema": "*[]"
      },
      "Icon",
      {
        "AFDDataSourceName": "",
        "AutoRuleBindingEnabled": true,
        "AutoRuleBindingString": "",
        "InvariantPropertyName": "DisabledColor",
        "IsLockable": false,
        "NameMapSourceSchema": "*[]"
      },
      {
        "AFDDataSourceName": "",
        "AutoRuleBindingEnabled": true,
        "AutoRuleBindingString": "",
        "InvariantPropertyName": "X",
        "IsLockable": false,
        "NameMapSourceSchema": "*[]"
      },
      {
        "AFDDataSourceName": "",
        "AutoRuleBindingEnabled": true,
        "AutoRuleBindingString": "",
        "InvariantPropertyName": "Y",
        "IsLockable": false,
        "NameMapSourceSchema": "*[]"
      },
      {
        "AFDDataSourceName": "",
        "AutoRuleBindingEnabled": true,
        "AutoRuleBindingString": "",
        "InvariantPropertyName": "Width",
        "IsLockable": false,
        "NameMapSourceSchema": "*[]"
      },
      {
        "AFDDataSourceName": "",
        "AutoRuleBindingEnabled": true,
        "AutoRuleBindingString": "",
        "InvariantPropertyName": "Height",
        "IsLockable": false,
        "NameMapSourceSchema": "*[]"
      },
      {
        "AFDDataSourceName": "",
        "AutoRuleBindingEnabled": false,
        "AutoRuleBindingString": "false",
        "InvariantPropertyName": "OnSelect",
        "IsLockable": false,
        "NameMapSourceSchema": "*[]"
      },
      {
        "AFDDataSourceName": "",
        "AutoRuleBindingEnabled": false,
        "AutoRuleBindingString": "RGBA(101,128,187,1)",
        "InvariantPropertyName": "Color",
        "IsLockable": false,
        "NameMapSourceSchema": "*[]"
      },
      "AutoDisableOnSelect",
      "PressedColor",
      "HoverColor",
      "Fill",
      "DisabledFill",
      "PressedFill",
      "HoverFill",
      "PaddingTop",
      "PaddingRight",
      "PaddingBottom",
      "PaddingLeft",
      "TabIndex",
      "Tooltip",
      "BorderStyle",
      "BorderColor",
      "DisabledBorderColor",
      "PressedBorderColor",
      "HoverBorderColor",
      "BorderThickness",
      "FocusedBorderThickness",
      "DisplayMode",
      "Rotation",
      "AccessibleLabel",
      "FocusedBorderColor"
    ],
    "HasDynamicProperties": false,
    "IsAutoGenerated": false,
    "IsComponentDefinition": false,
    "IsDataControl": false,
    "IsFromScreenLayout": false,
    "IsGroupControl": false,
    "IsLocked": false,
    "LayoutName": "",
    "MetaDataIDKey": "",
    "Name": "icon4_10",
    "ParentIndex": 4,
    "PersistMetaDataIDKey": false,
    "Properties": [
      {
        "Category": "Data",
        "PropertyName": "Tooltip",
        "RuleProviderType": "Unknown"
      },
      {
        "Category": "Data",
        "PropertyName": "AccessibleLabel",
        "RuleProviderType": "Unknown"
      },
      {
        "Category": "Design",
        "PropertyName": "Icon",
        "RuleProviderType": "Unknown"
      },
      {
        "Category": "Design",
        "PropertyName": "HoverFill",
        "RuleProviderType": "Unknown"
      },
      {
        "Category": "Design",
        "PropertyName": "PressedFill",
        "RuleProviderType": "Unknown"
      },
      {
        "Category": "Design",
        "PropertyName": "DisabledFill",
        "RuleProviderType": "Unknown"
      },
      {
        "Category": "Design",
        "PropertyName": "Fill",
        "RuleProviderType": "Unknown"
      },
      {
        "Category": "Design",
        "PropertyName": "X",
        "RuleProviderType": "Unknown"
      },
      {
        "Category": "Design",
        "PropertyName": "Y",
        "RuleProviderType": "Unknown"
      },
      {
        "Category": "Design",
        "PropertyName": "Width",
        "RuleProviderType": "Unknown"
      },
      {
        "Category": "Design",
        "PropertyName": "Height",
        "RuleProviderType": "Unknown"
      },
      {
        "Category": "Design",
        "PropertyName": "ZIndex",
        "RuleProviderType": "Unknown"
      },
      {
        "Category": "Design",
        "PropertyName": "Color",
        "RuleProviderType": "Unknown"
      },
      {
        "Category": "Design",
        "PropertyName": "DisabledColor",
        "RuleProviderType": "Unknown"
      },
      {
        "Category": "Design",
        "PropertyName": "PressedColor",
        "RuleProviderType": "Unknown"
      },
      {
        "Category": "Design",
        "PropertyName": "HoverColor",
        "RuleProviderType": "Unknown"
      },
      {
        "Category": "Design",
        "PropertyName": "PaddingTop",
        "RuleProviderType": "Unknown"
      },
      {
        "Category": "Design",
        "PropertyName": "PaddingBottom",
        "RuleProviderType": "Unknown"
      },
      {
        "Category": "Design",
        "PropertyName": "PaddingLeft",
        "RuleProviderType": "Unknown"
      },
      {
        "Category": "Design",
        "PropertyName": "PaddingRight",
        "RuleProviderType": "Unknown"
      },
      {
        "Category": "Design",
        "PropertyName": "BorderStyle",
        "RuleProviderType": "Unknown"
      },
      {
        "Category": "Design",
        "PropertyName": "BorderColor",
        "RuleProviderType": "Unknown"
      },
      {
        "Category": "Design",
        "PropertyName": "DisabledBorderColor",
        "RuleProviderType": "Unknown"
      },
      {
        "Category": "Design",
        "PropertyName": "PressedBorderColor",
        "RuleProviderType": "Unknown"
      },
      {
        "Category": "Design",
        "PropertyName": "HoverBorderColor",
        "RuleProviderType": "Unknown"
      },
      {
        "Category": "Design",
        "PropertyName": "BorderThickness",
        "RuleProviderType": "Unknown"
      },
      {
        "Category": "Design",
        "PropertyName": "FocusedBorderThickness",
        "RuleProviderType": "Unknown"
      },
      {
        "Category": "Design",
        "PropertyName": "AutoDisableOnSelect",
        "RuleProviderType": "Unknown"
      },
      {
        "Category": "Design",
        "PropertyName": "TabIndex",
        "RuleProviderType": "Unknown"
      },
      {
        "Category": "Design",
        "PropertyName": "DisplayMode",
        "RuleProviderType": "Unknown"
      },
      {
        "Category": "Design",
        "PropertyName": "Rotation",
        "RuleProviderType": "Unknown"
      },
      {
        "Category": "Design",
        "PropertyName": "FocusedBorderColor",
        "RuleProviderType": "Unknown"
      },
      {
        "Category": "Behavior",
        "PropertyName": "OnSelect",
        "RuleProviderType": "Unknown"
      }
    ],
    "StyleName": "defaultIconStyle",
    "Type": "ControlInfo"
  },
  "Image5": {
    "AllowAccessToGlobals": true,
    "ControlPropertyState": [
      "BorderStyle",
      "DisabledBorderColor",
      "DisabledFill",
      "ImagePosition",
      "X",
      "Y",
      {
        "AFDDataSourceName": "",
        "AutoRuleBindingEnabled": false,
        "AutoRuleBindingString": "SampleImage",
        "InvariantPropertyName": "Image",
        "IsLockable": false,
        "NameMapSourceSchema": "?"
      },
      "Height",
      "Width",
      "ZIndex",
      "Fill",
      "PressedFill",
      "HoverFill",
      "BorderColor",
      "PressedBorderColor",
      "HoverBorderColor",
      "FocusedBorderThickness",
      "TabIndex",
      "DisplayMode",
      "ImageRotation",
      "FlipHorizontal",
      "FlipVertical",
      "ApplyEXIFOrientation",
      "AccessibleLabel",
      "FocusedBorderColor"
    ],
    "HasDynamicProperties": false,
    "IsAutoGenerated": false,
    "IsComponentDefinition": false,
    "IsDataControl": false,
    "IsFromScreenLayout": false,
    "IsGroupControl": false,
    "IsLocked": false,
    "LayoutName": "",
    "MetaDataIDKey": "",
    "Name": "Image5",
    "ParentIndex": 6,
    "PersistMetaDataIDKey": false,
    "Properties": [
      {
        "Category": "Data",
        "PropertyName": "Image",
        "RuleProviderType": "Unknown"
      },
      {
        "Category": "Data",
        "PropertyName": "AccessibleLabel",
        "RuleProviderType": "Unknown"
      },
      {
        "Category": "Design",
        "PropertyName": "ImagePosition",
        "RuleProviderType": "Unknown"
      },
      {
        "Category": "Design",
        "PropertyName": "X",
        "RuleProviderType": "Unknown"
      },
      {
        "Category": "Design",
        "PropertyName": "Y",
        "RuleProviderType": "Unknown"
      },
      {
        "Category": "Design",
        "PropertyName": "Width",
        "RuleProviderType": "Unknown"
      },
      {
        "Category": "Design",
        "PropertyName": "Height",
        "RuleProviderType": "Unknown"
      },
      {
        "Category": "Design",
        "PropertyName": "Fill",
        "RuleProviderType": "Unknown"
      },
      {
        "Category": "Design",
        "PropertyName": "DisabledFill",
        "RuleProviderType": "Unknown"
      },
      {
        "Category": "Design",
        "PropertyName": "PressedFill",
        "RuleProviderType": "Unknown"
      },
      {
        "Category": "Design",
        "PropertyName": "HoverFill",
        "RuleProviderType": "Unknown"
      },
      {
        "Category": "Design",
        "PropertyName": "BorderColor",
        "RuleProviderType": "Unknown"
      },
      {
        "Category": "Design",
        "PropertyName": "DisabledBorderColor",
        "RuleProviderType": "Unknown"
      },
      {
        "Category": "Design",
        "PropertyName": "PressedBorderColor",
        "RuleProviderType": "Unknown"
      },
      {
        "Category": "Design",
        "PropertyName": "HoverBorderColor",
        "RuleProviderType": "Unknown"
      },
      {
        "Category": "Design",
        "PropertyName": "BorderStyle",
        "RuleProviderType": "Unknown"
      },
      {
        "Category": "Design",
        "PropertyName": "ZIndex",
        "RuleProviderType": "Unknown"
      },
      {
        "Category": "Design",
        "PropertyName": "FocusedBorderThickness",
        "RuleProviderType": "Unknown"
      },
      {
        "Category": "Design",
        "PropertyName": "TabIndex",
        "RuleProviderType": "Unknown"
      },
      {
        "Category": "Design",
        "PropertyName": "DisplayMode",
        "RuleProviderType": "Unknown"
      },
      {
        "Category": "Design",
        "PropertyName": "FocusedBorderColor",
        "RuleProviderType": "Unknown"
      },
      {
        "Category": "Design",
        "PropertyName": "ApplyEXIFOrientation",
        "RuleProviderType": "Unknown"
      },
      {
        "Category": "Design",
        "PropertyName": "ImageRotation",
        "RuleProviderType": "Unknown"
      },
      {
        "Category": "Design",
        "PropertyName": "FlipHorizontal",
        "RuleProviderType": "Unknown"
      },
      {
        "Category": "Design",
        "PropertyName": "FlipVertical",
        "RuleProviderType": "Unknown"
      }
    ],
    "StyleName": "defaultImageStyle",
    "Type": "ControlInfo"
  },
  "Image6": {
    "AllowAccessToGlobals": true,
    "ControlPropertyState": [
      "Image",
      "BorderStyle",
      "DisabledBorderColor",
      "DisabledFill",
      {
        "AFDDataSourceName": "",
        "AutoRuleBindingEnabled": false,
        "AutoRuleBindingString": "Gallery2.TemplateHeight ",
        "InvariantPropertyName": "Height",
        "IsLockable": false,
        "NameMapSourceSchema": "?"
      },
      "ImagePosition",
      {
        "AFDDataSourceName": "",
        "AutoRuleBindingEnabled": false,
        "AutoRuleBindingString": "Gallery2.TemplateWidth",
        "InvariantPropertyName": "Width",
        "IsLockable": false,
        "NameMapSourceSchema": "?"
      },
      "X",
      "Y",
      "Fill",
      "PressedFill",
      "HoverFill",
      "BorderColor",
      "PressedBorderColor",
      "HoverBorderColor",
      "FocusedBorderThickness",
      "TabIndex",
      "ZIndex",
      "DisplayMode",
      "ImageRotation",
      "FlipHorizontal",
      "FlipVertical",
      "ApplyEXIFOrientation",
      "AccessibleLabel",
      "FocusedBorderColor"
    ],
    "HasDynamicProperties": false,
    "IsAutoGenerated": false,
    "IsComponentDefinition": false,
    "IsDataControl": false,
    "IsFromScreenLayout": false,
    "IsGroupControl": false,
    "IsLocked": false,
    "LayoutName": "",
    "MetaDataIDKey": "",
    "Name": "Image6",
    "ParentIndex": 1,
    "PersistMetaDataIDKey": false,
    "Properties": [
      {
        "Category": "Data",
        "PropertyName": "Image",
        "RuleProviderType": "Unknown"
      },
      {
        "Category": "Data",
        "PropertyName": "AccessibleLabel",
        "RuleProviderType": "Unknown"
      },
      {
        "Category": "Design",
        "PropertyName": "ImagePosition",
        "RuleProviderType": "Unknown"
      },
      {
        "Category": "Design",
        "PropertyName": "X",
        "RuleProviderType": "Unknown"
      },
      {
        "Category": "Design",
        "PropertyName": "Y",
        "RuleProviderType": "Unknown"
      },
      {
        "Category": "Design",
        "PropertyName": "Width",
        "RuleProviderType": "Unknown"
      },
      {
        "Category": "Design",
        "PropertyName": "Height",
        "RuleProviderType": "Unknown"
      },
      {
        "Category": "Design",
        "PropertyName": "Fill",
        "RuleProviderType": "Unknown"
      },
      {
        "Category": "Design",
        "PropertyName": "DisabledFill",
        "RuleProviderType": "Unknown"
      },
      {
        "Category": "Design",
        "PropertyName": "PressedFill",
        "RuleProviderType": "Unknown"
      },
      {
        "Category": "Design",
        "PropertyName": "HoverFill",
        "RuleProviderType": "Unknown"
      },
      {
        "Category": "Design",
        "PropertyName": "BorderColor",
        "RuleProviderType": "Unknown"
      },
      {
        "Category": "Design",
        "PropertyName": "DisabledBorderColor",
        "RuleProviderType": "Unknown"
      },
      {
        "Category": "Design",
        "PropertyName": "PressedBorderColor",
        "RuleProviderType": "Unknown"
      },
      {
        "Category": "Design",
        "PropertyName": "HoverBorderColor",
        "RuleProviderType": "Unknown"
      },
      {
        "Category": "Design",
        "PropertyName": "BorderStyle",
        "RuleProviderType": "Unknown"
      },
      {
        "Category": "Design",
        "PropertyName": "ZIndex",
        "RuleProviderType": "Unknown"
      },
      {
        "Category": "Design",
        "PropertyName": "FocusedBorderThickness",
        "RuleProviderType": "Unknown"
      },
      {
        "Category": "Design",
        "PropertyName": "TabIndex",
        "RuleProviderType": "Unknown"
      },
      {
        "Category": "Design",
        "PropertyName": "DisplayMode",
        "RuleProviderType": "Unknown"
      },
      {
        "Category": "Design",
        "PropertyName": "FocusedBorderColor",
        "RuleProviderType": "Unknown"
      },
      {
        "Category": "Design",
        "PropertyName": "ApplyEXIFOrientation",
        "RuleProviderType": "Unknown"
      },
      {
        "Category": "Design",
        "PropertyName": "ImageRotation",
        "RuleProviderType": "Unknown"
      },
      {
        "Category": "Design",
        "PropertyName": "FlipHorizontal",
        "RuleProviderType": "Unknown"
      },
      {
        "Category": "Design",
        "PropertyName": "FlipVertical",
        "RuleProviderType": "Unknown"
      }
    ],
    "StyleName": "defaultImageStyle",
    "Type": "ControlInfo"
  },
  "Rectangle1_12": {
    "AllowAccessToGlobals": true,
    "ControlPropertyState": [
      {
        "AFDDataSourceName": "",
        "AutoRuleBindingEnabled": true,
        "AutoRuleBindingString": "",
        "InvariantPropertyName": "BorderStyle",
        "IsLockable": false,
        "NameMapSourceSchema": "*[]"
      },
      {
        "AFDDataSourceName": "",
        "AutoRuleBindingEnabled": false,
        "AutoRuleBindingString": "RGBA(62,96,170,1)",
        "InvariantPropertyName": "Fill",
        "IsLockable": false,
        "NameMapSourceSchema": "*[]"
      },
      {
        "AFDDataSourceName": "",
        "AutoRuleBindingEnabled": true,
        "AutoRuleBindingString": "",
        "InvariantPropertyName": "X",
        "IsLockable": false,
        "NameMapSourceSchema": "*[]"
      },
      {
        "AFDDataSourceName": "",
        "AutoRuleBindingEnabled": true,
        "AutoRuleBindingString": "",
        "InvariantPropertyName": "Y",
        "IsLockable": false,
        "NameMapSourceSchema": "*[]"
      },
      {
        "AFDDataSourceName": "",
        "AutoRuleBindingEnabled": false,
        "AutoRuleBindingString": "178",
        "InvariantPropertyName": "Height",
        "IsLockable": false,
        "NameMapSourceSchema": "*[]"
      },
      {
        "AFDDataSourceName": "",
        "AutoRuleBindingEnabled": true,
        "AutoRuleBindingString": "",
        "InvariantPropertyName": "Width",
        "IsLockable": false,
        "NameMapSourceSchema": "*[]"
      },
      {
        "AFDDataSourceName": "",
        "AutoRuleBindingEnabled": true,
        "AutoRuleBindingString": "",
        "InvariantPropertyName": "ZIndex",
        "IsLockable": false,
        "NameMapSourceSchema": "*[]"
      },
      "OnSelect",
      "DisabledFill",
      "PressedFill",
      "HoverFill",
      "BorderColor",
      "FocusedBorderThickness",
      "TabIndex",
      "Tooltip",
      "DisplayMode",
      "AccessibleLabel",
      "FocusedBorderColor"
    ],
    "HasDynamicProperties": false,
    "IsAutoGenerated": false,
    "IsComponentDefinition": false,
    "IsDataControl": false,
    "IsFromScreenLayout": false,
    "IsGroupControl": false,
    "IsLocked": false,
    "LayoutName": "",
    "MetaDataIDKey": "",
    "Name": "Rectangle1_12",
    "ParentIndex": 0,
    "PersistMetaDataIDKey": false,
    "Properties": [
      {
        "Category": "Data",
        "PropertyName": "Tooltip",
        "RuleProviderType": "Unknown"
      },
      {
        "Category": "Data",
        "PropertyName": "AccessibleLabel",
        "RuleProviderType": "Unknown"
      },
      {
        "Category": "Design",
        "PropertyName": "Fill",
        "RuleProviderType": "Unknown"
      },
      {
        "Category": "Design",
        "PropertyName": "DisabledFill",
        "RuleProviderType": "Unknown"
      },
      {
        "Category": "Design",
        "PropertyName": "PressedFill",
        "RuleProviderType": "Unknown"
      },
      {
        "Category": "Design",
        "PropertyName": "HoverFill",
        "RuleProviderType": "Unknown"
      },
      {
        "Category": "Design",
        "PropertyName": "BorderColor",
        "RuleProviderType": "Unknown"
      },
      {
        "Category": "Design",
        "PropertyName": "BorderStyle",
        "RuleProviderType": "Unknown"
      },
      {
        "Category": "Design",
        "PropertyName": "X",
        "RuleProviderType": "Unknown"
      },
      {
        "Category": "Design",
        "PropertyName": "Y",
        "RuleProviderType": "Unknown"
      },
      {
        "Category": "Design",
        "PropertyName": "Width",
        "RuleProviderType": "Unknown"
      },
      {
        "Category": "Design",
        "PropertyName": "Height",
        "RuleProviderType": "Unknown"
      },
      {
        "Category": "Design",
        "PropertyName": "ZIndex",
        "RuleProviderType": "Unknown"
      },
      {
        "Category": "Design",
        "PropertyName": "FocusedBorderThickness",
        "RuleProviderType": "Unknown"
      },
      {
        "Category": "Design",
        "PropertyName": "TabIndex",
        "RuleProviderType": "Unknown"
      },
      {
        "Category": "Design",
        "PropertyName": "DisplayMode",
        "RuleProviderType": "Unknown"
      },
      {
        "Category": "Design",
        "PropertyName": "FocusedBorderColor",
        "RuleProviderType": "Unknown"
      }
    ],
    "StyleName": "defaultRectangleStyle",
    "Type": "ControlInfo"
  },
  "Rectangle12": {
    "AllowAccessToGlobals": true,
    "ControlPropertyState": [
      "BorderStyle",
      {
        "AFDDataSourceName": "",
        "AutoRuleBindingEnabled": false,
        "AutoRuleBindingString": "RGBA(62,96,170,1)",
        "InvariantPropertyName": "Fill",
        "IsLockable": false,
        "NameMapSourceSchema": "?"
      },
      "X",
      "Y",
      "OnSelect",
      "Width",
      "Height",
      "ZIndex",
      "DisabledFill",
      "PressedFill",
      "HoverFill",
      "BorderColor",
      "FocusedBorderThickness",
      "TabIndex",
      "Tooltip",
      "DisplayMode",
      "AccessibleLabel",
      "FocusedBorderColor"
    ],
    "HasDynamicProperties": false,
    "IsAutoGenerated": false,
    "IsComponentDefinition": false,
    "IsDataControl": false,
    "IsFromScreenLayout": false,
    "IsGroupControl": false,
    "IsLocked": false,
    "LayoutName": "",
    "MetaDataIDKey": "",
    "Name": "Rectangle12",
    "ParentIndex": 5,
    "PersistMetaDataIDKey": false,
    "Properties": [
      {
        "Category": "Data",
        "PropertyName": "Tooltip",
        "RuleProviderType": "Unknown"
      },
      {
        "Category": "Data",
        "PropertyName": "AccessibleLabel",
        "RuleProviderType": "Unknown"
      },
      {
        "Category": "Design",
        "PropertyName": "Fill",
        "RuleProviderType": "Unknown"
      },
      {
        "Category": "Design",
        "PropertyName": "DisabledFill",
        "RuleProviderType": "Unknown"
      },
      {
        "Category": "Design",
        "PropertyName": "PressedFill",
        "RuleProviderType": "Unknown"
      },
      {
        "Category": "Design",
        "PropertyName": "HoverFill",
        "RuleProviderType": "Unknown"
      },
      {
        "Category": "Design",
        "PropertyName": "BorderColor",
        "RuleProviderType": "Unknown"
      },
      {
        "Category": "Design",
        "PropertyName": "BorderStyle",
        "RuleProviderType": "Unknown"
      },
      {
        "Category": "Design",
        "PropertyName": "X",
        "RuleProviderType": "Unknown"
      },
      {
        "Category": "Design",
        "PropertyName": "Y",
        "RuleProviderType": "Unknown"
      },
      {
        "Category": "Design",
        "PropertyName": "Width",
        "RuleProviderType": "Unknown"
      },
      {
        "Category": "Design",
        "PropertyName": "Height",
        "RuleProviderType": "Unknown"
      },
      {
        "Category": "Design",
        "PropertyName": "ZIndex",
        "RuleProviderType": "Unknown"
      },
      {
        "Category": "Design",
        "PropertyName": "FocusedBorderThickness",
        "RuleProviderType": "Unknown"
      },
      {
        "Category": "Design",
        "PropertyName": "TabIndex",
        "RuleProviderType": "Unknown"
      },
      {
        "Category": "Design",
        "PropertyName": "DisplayMode",
        "RuleProviderType": "Unknown"
      },
      {
        "Category": "Design",
        "PropertyName": "FocusedBorderColor",
        "RuleProviderType": "Unknown"
      }
    ],
    "StyleName": "defaultRectangleStyle",
    "Type": "ControlInfo"
  },
  "Rectangle2_11": {
    "AllowAccessToGlobals": true,
    "ControlPropertyState": [
      {
        "AFDDataSourceName": "",
        "AutoRuleBindingEnabled": true,
        "AutoRuleBindingString": "",
        "InvariantPropertyName": "BorderStyle",
        "IsLockable": false,
        "NameMapSourceSchema": "*[]"
      },
      {
        "AFDDataSourceName": "",
        "AutoRuleBindingEnabled": false,
        "AutoRuleBindingString": "RGBA(62,96,170,1)",
        "InvariantPropertyName": "Fill",
        "IsLockable": false,
        "NameMapSourceSchema": "*[]"
      },
      {
        "AFDDataSourceName": "",
        "AutoRuleBindingEnabled": true,
        "AutoRuleBindingString": "",
        "InvariantPropertyName": "X",
        "IsLockable": false,
        "NameMapSourceSchema": "*[]"
      },
      {
        "AFDDataSourceName": "",
        "AutoRuleBindingEnabled": true,
        "AutoRuleBindingString": "",
        "InvariantPropertyName": "Y",
        "IsLockable": false,
        "NameMapSourceSchema": "*[]"
      },
      {
        "AFDDataSourceName": "",
        "AutoRuleBindingEnabled": false,
        "AutoRuleBindingString": "100",
        "InvariantPropertyName": "Height",
        "IsLockable": false,
        "NameMapSourceSchema": "*[]"
      },
      {
        "AFDDataSourceName": "",
        "AutoRuleBindingEnabled": false,
        "AutoRuleBindingString": "150",
        "InvariantPropertyName": "Width",
        "IsLockable": false,
        "NameMapSourceSchema": "*[]"
      },
      {
        "AFDDataSourceName": "",
        "AutoRuleBindingEnabled": true,
        "AutoRuleBindingString": "",
        "InvariantPropertyName": "ZIndex",
        "IsLockable": false,
        "NameMapSourceSchema": "*[]"
      },
      {
        "AFDDataSourceName": "",
        "AutoRuleBindingEnabled": false,
        "AutoRuleBindingString": "false",
        "InvariantPropertyName": "OnSelect",
        "IsLockable": false,
        "NameMapSourceSchema": "*[]"
      },
      "DisabledFill",
      "PressedFill",
      "HoverFill",
      "BorderColor",
      "FocusedBorderThickness",
      "TabIndex",
      "Tooltip",
      "DisplayMode",
      "AccessibleLabel",
      "FocusedBorderColor"
    ],
    "HasDynamicProperties": false,
    "IsAutoGenerated": false,
    "IsComponentDefinition": false,
    "IsDataControl": false,
    "IsFromScreenLayout": false,
    "IsGroupControl": false,
    "IsLocked": false,
    "LayoutName": "",
    "MetaDataIDKey": "",
    "Name": "Rectangle2_11",
    "ParentIndex": 2,
    "PersistMetaDataIDKey": false,
    "Properties": [
      {
        "Category": "Data",
        "PropertyName": "Tooltip",
        "RuleProviderType": "Unknown"
      },
      {
        "Category": "Data",
        "PropertyName": "AccessibleLabel",
        "RuleProviderType": "Unknown"
      },
      {
        "Category": "Design",
        "PropertyName": "Fill",
        "RuleProviderType": "Unknown"
      },
      {
        "Category": "Design",
        "PropertyName": "DisabledFill",
        "RuleProviderType": "Unknown"
      },
      {
        "Category": "Design",
        "PropertyName": "PressedFill",
        "RuleProviderType": "Unknown"
      },
      {
        "Category": "Design",
        "PropertyName": "HoverFill",
        "RuleProviderType": "Unknown"
      },
      {
        "Category": "Design",
        "PropertyName": "BorderColor",
        "RuleProviderType": "Unknown"
      },
      {
        "Category": "Design",
        "PropertyName": "BorderStyle",
        "RuleProviderType": "Unknown"
      },
      {
        "Category": "Design",
        "PropertyName": "X",
        "RuleProviderType": "Unknown"
      },
      {
        "Category": "Design",
        "PropertyName": "Y",
        "RuleProviderType": "Unknown"
      },
      {
        "Category": "Design",
        "PropertyName": "Width",
        "RuleProviderType": "Unknown"
      },
      {
        "Category": "Design",
        "PropertyName": "Height",
        "RuleProviderType": "Unknown"
      },
      {
        "Category": "Design",
        "PropertyName": "ZIndex",
        "RuleProviderType": "Unknown"
      },
      {
        "Category": "Design",
        "PropertyName": "FocusedBorderThickness",
        "RuleProviderType": "Unknown"
      },
      {
        "Category": "Design",
        "PropertyName": "TabIndex",
        "RuleProviderType": "Unknown"
      },
      {
        "Category": "Design",
        "PropertyName": "DisplayMode",
        "RuleProviderType": "Unknown"
      },
      {
        "Category": "Design",
        "PropertyName": "FocusedBorderColor",
        "RuleProviderType": "Unknown"
      },
      {
        "Category": "Behavior",
        "PropertyName": "OnSelect",
        "RuleProviderType": "Unknown"
      }
    ],
    "StyleName": "defaultRectangleStyle",
    "Type": "ControlInfo"
  },
  "Rectangle8_1": {
    "AllowAccessToGlobals": true,
    "ControlPropertyState": [
      {
        "AFDDataSourceName": "",
        "AutoRuleBindingEnabled": true,
        "AutoRuleBindingString": "",
        "InvariantPropertyName": "ZIndex",
        "IsLockable": false,
        "NameMapSourceSchema": "*[]"
      },
      {
        "AFDDataSourceName": "",
        "AutoRuleBindingEnabled": false,
        "AutoRuleBindingString": "RGBA(62,96,170,1)",
        "InvariantPropertyName": "Fill",
        "IsLockable": false,
        "NameMapSourceSchema": "*[]"
      },
      {
        "AFDDataSourceName": "",
        "AutoRuleBindingEnabled": true,
        "AutoRuleBindingString": "",
        "InvariantPropertyName": "X",
        "IsLockable": false,
        "NameMapSourceSchema": "*[]"
      },
      {
        "AFDDataSourceName": "",
        "AutoRuleBindingEnabled": true,
        "AutoRuleBindingString": "",
        "InvariantPropertyName": "Y",
        "IsLockable": false,
        "NameMapSourceSchema": "*[]"
      },
      {
        "AFDDataSourceName": "",
        "AutoRuleBindingEnabled": false,
        "AutoRuleBindingString": "100",
        "InvariantPropertyName": "Height",
        "IsLockable": false,
        "NameMapSourceSchema": "*[]"
      },
      {
        "AFDDataSourceName": "",
        "AutoRuleBindingEnabled": false,
        "AutoRuleBindingString": "150",
        "InvariantPropertyName": "Width",
        "IsLockable": false,
        "NameMapSourceSchema": "*[]"
      },
      {
        "AFDDataSourceName": "",
        "AutoRuleBindingEnabled": false,
        "AutoRuleBindingString": "false",
        "InvariantPropertyName": "OnSelect",
        "IsLockable": false,
        "NameMapSourceSchema": "*[]"
      },
      "DisabledFill",
      "PressedFill",
      "HoverFill",
      "BorderColor",
      "BorderStyle",
      "FocusedBorderThickness",
      "TabIndex",
      "Tooltip",
      "DisplayMode",
      "AccessibleLabel",
      "FocusedBorderColor"
    ],
    "HasDynamicProperties": false,
    "IsAutoGenerated": false,
    "IsComponentDefinition": false,
    "IsDataControl": false,
    "IsFromScreenLayout": false,
    "IsGroupControl": false,
    "IsLocked": false,
    "LayoutName": "",
    "MetaDataIDKey": "",
    "Name": "Rectangle8_1",
    "ParentIndex": 1,
    "PersistMetaDataIDKey": false,
    "Properties": [
      {
        "Category": "Data",
        "PropertyName": "Tooltip",
        "RuleProviderType": "Unknown"
      },
      {
        "Category": "Data",
        "PropertyName": "AccessibleLabel",
        "RuleProviderType": "Unknown"
      },
      {
        "Category": "Design",
        "PropertyName": "Fill",
        "RuleProviderType": "Unknown"
      },
      {
        "Category": "Design",
        "PropertyName": "DisabledFill",
        "RuleProviderType": "Unknown"
      },
      {
        "Category": "Design",
        "PropertyName": "PressedFill",
        "RuleProviderType": "Unknown"
      },
      {
        "Category": "Design",
        "PropertyName": "HoverFill",
        "RuleProviderType": "Unknown"
      },
      {
        "Category": "Design",
        "PropertyName": "BorderColor",
        "RuleProviderType": "Unknown"
      },
      {
        "Category": "Design",
        "PropertyName": "BorderStyle",
        "RuleProviderType": "Unknown"
      },
      {
        "Category": "Design",
        "PropertyName": "X",
        "RuleProviderType": "Unknown"
      },
      {
        "Category": "Design",
        "PropertyName": "Y",
        "RuleProviderType": "Unknown"
      },
      {
        "Category": "Design",
        "PropertyName": "Width",
        "RuleProviderType": "Unknown"
      },
      {
        "Category": "Design",
        "PropertyName": "Height",
        "RuleProviderType": "Unknown"
      },
      {
        "Category": "Design",
        "PropertyName": "ZIndex",
        "RuleProviderType": "Unknown"
      },
      {
        "Category": "Design",
        "PropertyName": "FocusedBorderThickness",
        "RuleProviderType": "Unknown"
      },
      {
        "Category": "Design",
        "PropertyName": "TabIndex",
        "RuleProviderType": "Unknown"
      },
      {
        "Category": "Design",
        "PropertyName": "DisplayMode",
        "RuleProviderType": "Unknown"
      },
      {
        "Category": "Design",
        "PropertyName": "FocusedBorderColor",
        "RuleProviderType": "Unknown"
      },
      {
        "Category": "Behavior",
        "PropertyName": "OnSelect",
        "RuleProviderType": "Unknown"
      }
    ],
    "StyleName": "defaultRectangleStyle",
    "Type": "ControlInfo"
  },
  "TextBox1_9": {
    "AllowAccessToGlobals": true,
    "ControlPropertyState": [
      {
        "AFDDataSourceName": "",
        "AutoRuleBindingEnabled": false,
        "AutoRuleBindingString": "Align.Left",
        "InvariantPropertyName": "Align",
        "IsLockable": false,
        "NameMapSourceSchema": "*[]"
      },
      {
        "AFDDataSourceName": "",
        "AutoRuleBindingEnabled": true,
        "AutoRuleBindingString": "",
        "InvariantPropertyName": "BorderStyle",
        "IsLockable": false,
        "NameMapSourceSchema": "*[]"
      },
      {
        "AFDDataSourceName": "",
        "AutoRuleBindingEnabled": true,
        "AutoRuleBindingString": "",
        "InvariantPropertyName": "Color",
        "IsLockable": false,
        "NameMapSourceSchema": "*[]"
      },
      {
        "AFDDataSourceName": "",
        "AutoRuleBindingEnabled": true,
        "AutoRuleBindingString": "",
        "InvariantPropertyName": "DisabledColor",
        "IsLockable": false,
        "NameMapSourceSchema": "*[]"
      },
      {
        "AFDDataSourceName": "",
        "AutoRuleBindingEnabled": true,
        "AutoRuleBindingString": "",
        "InvariantPropertyName": "Font",
        "IsLockable": false,
        "NameMapSourceSchema": "*[]"
      },
      {
        "AFDDataSourceName": "",
        "AutoRuleBindingEnabled": false,
        "AutoRuleBindingString": "FontWeight.Normal",
        "InvariantPropertyName": "FontWeight",
        "IsLockable": false,
        "NameMapSourceSchema": "*[]"
      },
      {
        "AFDDataSourceName": "",
        "AutoRuleBindingEnabled": true,
        "AutoRuleBindingString": "",
        "InvariantPropertyName": "Overflow",
        "IsLockable": false,
        "NameMapSourceSchema": "*[]"
      },
      {
        "AFDDataSourceName": "",
        "AutoRuleBindingEnabled": false,
        "AutoRuleBindingString": "27",
        "InvariantPropertyName": "Size",
        "IsLockable": false,
        "NameMapSourceSchema": "*[]"
      },
      {
        "AFDDataSourceName": "",
        "AutoRuleBindingEnabled": true,
        "AutoRuleBindingString": "",
        "InvariantPropertyName": "VerticalAlign",
        "IsLockable": false,
        "NameMapSourceSchema": "*[]"
      },
      {
        "AFDDataSourceName": "",
        "AutoRuleBindingEnabled": true,
        "AutoRuleBindingString": "",
        "InvariantPropertyName": "X",
        "IsLockable": false,
        "NameMapSourceSchema": "*[]"
      },
      {
        "AFDDataSourceName": "",
        "AutoRuleBindingEnabled": true,
        "AutoRuleBindingString": "",
        "InvariantPropertyName": "Y",
        "IsLockable": false,
        "NameMapSourceSchema": "*[]"
      },
      {
        "AFDDataSourceName": "",
        "AutoRuleBindingEnabled": false,
        "AutoRuleBindingString": "\"Text\"",
        "InvariantPropertyName": "Text",
        "IsLockable": false,
        "NameMapSourceSchema": "*[]"
      },
      {
        "AFDDataSourceName": "",
        "AutoRuleBindingEnabled": true,
        "AutoRuleBindingString": "",
        "InvariantPropertyName": "AutoHeight",
        "IsLockable": false,
        "NameMapSourceSchema": "*[]"
      },
      {
        "AFDDataSourceName": "",
        "AutoRuleBindingEnabled": true,
        "AutoRuleBindingString": "",
        "InvariantPropertyName": "Height",
        "IsLockable": false,
        "NameMapSourceSchema": "*[]"
      },
      {
        "AFDDataSourceName": "",
        "AutoRuleBindingEnabled": true,
        "AutoRuleBindingString": "",
        "InvariantPropertyName": "Width",
        "IsLockable": false,
        "NameMapSourceSchema": "*[]"
      },
      {
        "AFDDataSourceName": "",
        "AutoRuleBindingEnabled": true,
        "AutoRuleBindingString": "",
        "InvariantPropertyName": "ZIndex",
        "IsLockable": false,
        "NameMapSourceSchema": "*[]"
      },
      "PressedColor",
      "HoverColor",
      "BorderColor",
      "DisabledBorderColor",
      "PressedBorderColor",
      "HoverBorderColor",
      "Fill",
      "DisabledFill",
      "PressedFill",
      "HoverFill",
      "FocusedBorderThickness",
      "DisplayMode",
      "TabIndex",
      "Live",
      "IsErrorMessage",
      "Role",
      "FocusedBorderColor"
    ],
    "HasDynamicProperties": false,
    "IsAutoGenerated": false,
    "IsComponentDefinition": false,
    "IsDataControl": false,
    "IsFromScreenLayout": false,
    "IsGroupControl": false,
    "IsLocked": false,
    "LayoutName": "",
    "MetaDataIDKey": "",
    "Name": "TextBox1_9",
    "ParentIndex": 3,
    "PersistMetaDataIDKey": false,
    "Properties": [
      {
        "Category": "Data",
        "PropertyName": "Text",
        "RuleProviderType": "Unknown"
      },
      {
        "Category": "Data",
        "PropertyName": "Live",
        "RuleProviderType": "Unknown"
      },
      {
        "Category": "Data",
        "PropertyName": "Role",
        "RuleProviderType": "Unknown"
      },
      {
        "Category": "Design",
        "PropertyName": "Overflow",
        "RuleProviderType": "Unknown"
      },
      {
        "Category": "Design",
        "PropertyName": "Color",
        "RuleProviderType": "Unknown"
      },
      {
        "Category": "Design",
        "PropertyName": "DisabledColor",
        "RuleProviderType": "Unknown"
      },
      {
        "Category": "Design",
        "PropertyName": "PressedColor",
        "RuleProviderType": "Unknown"
      },
      {
        "Category": "Design",
        "PropertyName": "HoverColor",
        "RuleProviderType": "Unknown"
      },
      {
        "Category": "Design",
        "PropertyName": "BorderColor",
        "RuleProviderType": "Unknown"
      },
      {
        "Category": "Design",
        "PropertyName": "DisabledBorderColor",
        "RuleProviderType": "Unknown"
      },
      {
        "Category": "Design",
        "PropertyName": "PressedBorderColor",
        "RuleProviderType": "Unknown"
      },
      {
        "Category": "Design",
        "PropertyName": "HoverBorderColor",
        "RuleProviderType": "Unknown"
      },
      {
        "Category": "Design",
        "PropertyName": "BorderStyle",
        "RuleProviderType": "Unknown"
      },
      {
        "Category": "Design",
        "PropertyName": "Fill",
        "RuleProviderType": "Unknown"
      },
      {
        "Category": "Design",
        "PropertyName": "DisabledFill",
        "RuleProviderType": "Unknown"
      },
      {
        "Category": "Design",
        "PropertyName": "PressedFill",
        "RuleProviderType": "Unknown"
      },
      {
        "Category": "Design",
        "PropertyName": "HoverFill",
        "RuleProviderType": "Unknown"
      },
      {
        "Category": "Design",
        "PropertyName": "Font",
        "RuleProviderType": "Unknown"
      },
      {
        "Category": "Design",
        "PropertyName": "FontWeight",
        "RuleProviderType": "Unknown"
      },
      {
        "Category": "Design",
        "PropertyName": "Align",
        "RuleProviderType": "Unknown"
      },
      {
        "Category": "Design",
        "PropertyName": "VerticalAlign",
        "RuleProviderType": "Unknown"
      },
      {
        "Category": "Design",
        "PropertyName": "X",
        "RuleProviderType": "Unknown"
      },
      {
        "Category": "Design",
        "PropertyName": "Y",
        "RuleProviderType": "Unknown"
      },
      {
        "Category": "Design",
        "PropertyName": "Width",
        "RuleProviderType": "Unknown"
      },
      {
        "Category": "Design",
        "PropertyName": "Height",
        "RuleProviderType": "Unknown"
      },
      {
        "Category": "Design",
        "PropertyName": "Size",
        "RuleProviderType": "Unknown"
      },
      {
        "Category": "Design",
        "PropertyName": "ZIndex",
        "RuleProviderType": "Unknown"
      },
      {
        "Category": "Design",
        "PropertyName": "FocusedBorderThickness",
        "RuleProviderType": "Unknown"
      },
      {
        "Category": "Design",
        "PropertyName": "TabIndex",
        "RuleProviderType": "Unknown"
      },
      {
        "Category": "Design",
        "PropertyName": "DisplayMode",
        "RuleProviderType": "Unknown"
      },
      {
        "Category": "Design",
        "PropertyName": "IsErrorMessage",
        "RuleProviderType": "Unknown"
      },
      {
        "Category": "Design",
        "PropertyName": "FocusedBorderColor",
        "RuleProviderType": "Unknown"
      }
    ],
    "StyleName": "invertedBkgHeaderLabelStyle",
    "Type": "ControlInfo"
  },
  "ViewImageScreen": {
    "AllowAccessToGlobals": true,
    "ControlPropertyState": [
      "Fill",
      "BackgroundImage",
      "ImagePosition",
      "Height",
      "Width",
      "Size",
      "Orientation",
      "LoadingSpinner",
      "LoadingSpinnerColor"
    ],
    "IsAutoGenerated": false,
    "IsComponentDefinition": false,
    "IsDataControl": false,
    "IsFromScreenLayout": false,
    "IsGroupControl": false,
    "IsLocked": false,
    "LayoutName": "",
    "MetaDataIDKey": "",
    "Name": "ViewImageScreen",
    "ParentIndex": 0,
    "PersistMetaDataIDKey": false,
    "Properties": [
      {
        "Category": "Design",
        "PropertyName": "Width",
        "RuleProviderType": "Unknown"
      },
      {
        "Category": "Design",
        "PropertyName": "Height",
        "RuleProviderType": "Unknown"
      },
      {
        "Category": "Design",
        "PropertyName": "ImagePosition",
        "RuleProviderType": "Unknown"
      },
      {
        "Category": "Design",
        "PropertyName": "Fill",
        "RuleProviderType": "Unknown"
      },
      {
        "Category": "Design",
        "PropertyName": "LoadingSpinner",
        "RuleProviderType": "Unknown"
      },
      {
        "Category": "Design",
        "PropertyName": "LoadingSpinnerColor",
        "RuleProviderType": "Unknown"
      },
      {
        "Category": "Design",
        "PropertyName": "Size",
        "RuleProviderType": "Unknown"
      },
      {
        "Category": "Design",
        "PropertyName": "Orientation",
        "RuleProviderType": "Unknown"
      }
    ],
    "StyleName": "defaultScreenStyle",
    "Type": "ControlInfo"
  }
}