[
  {
    "Data": "[{\"FlooringCategory\":\"Hardwood\",\"FlooringId\":1,\"FlooringPrice\":\"$4.59 - $7.39\",\"Flooring_Images\":\"https://az787822.vo.msecnd.net/sampleapps/costestimator/Bolivian-Rosewood.jpg\",\"Id\":1},{\"FlooringCategory\":\"Laminate\",\"FlooringId\":1,\"FlooringPrice\":\"$1.59 - $2.39\",\"Flooring_Images\":\"https://az787822.vo.msecnd.net/sampleapps/costestimator/Lam-SanSalvador-Cherry.jpg\",\"Id\":2},{\"FlooringCategory\":\"Vinyl\",\"FlooringId\":1,\"FlooringPrice\":\"$1.85 - $2.25\",\"Flooring_Images\":\"https://az787822.vo.msecnd.net/sampleapps/costestimator/Vinyl-Eagle-Rock-Chimney-Ash.jpg\",\"Id\":3},{\"FlooringCategory\":\"Tile\",\"FlooringId\":1,\"FlooringPrice\":\"$2.99 - $9.99\",\"Flooring_Images\":\"https://az787822.vo.msecnd.net/sampleapps/costestimator/Tile-Edimax-Slaty.jpg\",\"Id\":4},{\"FlooringCategory\":\"Stone\",\"FlooringId\":1,\"FlooringPrice\":\"$5.99 - $7.99\",\"Flooring_Images\":\"https://az787822.vo.msecnd.net/sampleapps/costestimator/Stone-Ledger-Arctic-White.jpg\",\"Id\":5},{\"FlooringCategory\":\"Carpet\",\"FlooringId\":1,\"FlooringPrice\":\"$1.98 - $8.1\",\"Flooring_Images\":\"https://az787822.vo.msecnd.net/sampleapps/costestimator/Carpet-Stone-Beige.jpg\",\"Id\":6}]",
    "IsSampleData": false,
    "IsWritable": false,
    "Name": "FlooringSummary",
    "OrderedColumnNames": [
      "Id",
      "FlooringId",
      "FlooringCategory",
      "FlooringPrice",
      "Flooring_Images"
    ],
    "OriginalName": "FlooringSummary",
    "OriginalSchema": "*[FlooringCategory:s, FlooringId:n, FlooringPrice:s, Flooring_Images:i, Id:n]",
    "Schema": "*[FlooringCategory:s, FlooringId:n, FlooringPrice:s, Flooring_Images:i, Id:n]",
    "Token": "{6F044138-92A4-44E2-9EFD-FF5794512E21}",
    "Type": "StaticDataSourceInfo"
  }
]