[
  {
    "Data": "[{\"FlooringCategory\":\"Hardwood\",\"FlooringId\":1,\"FlooringImagePrice\":\"7.39\",\"FlooringName\":\"Bolivian Rosewood  \",\"Flooring_Images\":\"https://az787822.vo.msecnd.net/sampleapps/costestimator/Bolivian-Rosewood.jpg\",\"Id\":1},{\"FlooringCategory\":\"Hardwood\",\"FlooringId\":1,\"FlooringImagePrice\":\"6.49\",\"FlooringName\":\"Golden Teak \",\"Flooring_Images\":\"https://az787822.vo.msecnd.net/sampleapps/costestimator/Golden-Teak.jpg\\u00A0\",\"Id\":2},{\"FlooringCategory\":\"Hardwood\",\"FlooringId\":1,\"FlooringImagePrice\":\"5.69\",\"FlooringName\":\"Brazilian Koa  \",\"Flooring_Images\":\"https://az787822.vo.msecnd.net/sampleapps/costestimator/Brazilian-Koa.jpg \\u00A0\",\"Id\":3},{\"FlooringCategory\":\"Hardwood\",\"FlooringId\":1,\"FlooringImagePrice\":\"5.49\",\"FlooringName\":\"Tobacco Road Acacia \",\"Flooring_Images\":\"https://az787822.vo.msecnd.net/sampleapps/costestimator/Tobacco-Rd-Acacia.jpg\\u00A0\",\"Id\":4},{\"FlooringCategory\":\"Hardwood\",\"FlooringId\":1,\"FlooringImagePrice\":\"5.49\",\"FlooringName\":\"Natural Hickory \",\"Flooring_Images\":\"https://az787822.vo.msecnd.net/sampleapps/costestimator/Natural-Hickory.jpg\\u00A0\",\"Id\":5},{\"FlooringCategory\":\"Hardwood\",\"FlooringId\":1,\"FlooringImagePrice\":\"4.59\",\"FlooringName\":\"Victoria Mahogany \",\"Flooring_Images\":\"https://az787822.vo.msecnd.net/sampleapps/costestimator/Victoria-Mahogany.jpg\\u00A0\",\"Id\":6},{\"FlooringCategory\":\"Laminate\",\"FlooringId\":2,\"FlooringImagePrice\":\"1.59\",\"FlooringName\":\"San Salvador Cherry\",\"Flooring_Images\":\"https://az787822.vo.msecnd.net/sampleapps/costestimator/Lam-SanSalvador-Cherry.jpg\",\"Id\":7},{\"FlooringCategory\":\"Laminate\",\"FlooringId\":2,\"FlooringImagePrice\":\"2.39\",\"FlooringName\":\"Rock Creek Charcoal\",\"Flooring_Images\":\"https://az787822.vo.msecnd.net/sampleapps/costestimator/Lam-Rock-Creek-Charc.jpg\",\"Id\":8},{\"FlooringCategory\":\"Laminate\",\"FlooringId\":2,\"FlooringImagePrice\":\"1.89\",\"FlooringName\":\"Delaware Bay Driftwood\",\"Flooring_Images\":\"https://az787822.vo.msecnd.net/sampleapps/costestimator/Lam-Delaware-Bay-Driftwood.jpg\",\"Id\":9},{\"FlooringCategory\":\"Laminate\",\"FlooringId\":2,\"FlooringImagePrice\":\"2.29\",\"FlooringName\":\"Frosty Peak Poplar\",\"Flooring_Images\":\"https://az787822.vo.msecnd.net/sampleapps/costestimator/Lam-Frosty-Peak-Poplar.jpg\",\"Id\":10},{\"FlooringCategory\":\"Laminate\",\"FlooringId\":2,\"FlooringImagePrice\":\"1.79\",\"FlooringName\":\"Santo Andre Brazilian Cherry\",\"Flooring_Images\":\"https://az787822.vo.msecnd.net/sampleapps/costestimator/Lam-Brazilian-Cherry.jpg\",\"Id\":11},{\"FlooringCategory\":\"Vinyl\",\"FlooringId\":3,\"FlooringImagePrice\":\"2.25\",\"FlooringName\":\"Eagle Rock Chimney Ash\",\"Flooring_Images\":\"https://az787822.vo.msecnd.net/sampleapps/costestimator/Vinyl-Eagle-Rock-Chimney-Ash.jpg\",\"Id\":12},{\"FlooringCategory\":\"Vinyl\",\"FlooringId\":3,\"FlooringImagePrice\":\"2.25\",\"FlooringName\":\"Eagle Rock Seagull\",\"Flooring_Images\":\"https://az787822.vo.msecnd.net/sampleapps/costestimator/Vinyl-Eagle-Rock-Seagull.jpg\",\"Id\":13},{\"FlooringCategory\":\"Vinyl\",\"FlooringId\":3,\"FlooringImagePrice\":\"1.85\",\"FlooringName\":\"Beacon Rock Antique Noce\",\"Flooring_Images\":\"https://az787822.vo.msecnd.net/sampleapps/costestimator/Vinyl-Beacon-Rock-Antique-Noce.jpg\",\"Id\":14},{\"FlooringCategory\":\"Vinyl\",\"FlooringId\":3,\"FlooringImagePrice\":\"1.85\",\"FlooringName\":\"Beacon Rock Arctic Ice\",\"Flooring_Images\":\"https://az787822.vo.msecnd.net/sampleapps/costestimator/Vinyl-Beacon-Rock-Arctic-Ice.jpg\",\"Id\":15},{\"FlooringCategory\":\"Vinyl\",\"FlooringId\":3,\"FlooringImagePrice\":\"1.99\",\"FlooringName\":\"Abella Walnut\",\"Flooring_Images\":\"https://az787822.vo.msecnd.net/sampleapps/costestimator/Vinyl-Abella-Walnut.jpg\",\"Id\":16},{\"FlooringCategory\":\"Tile\",\"FlooringId\":4,\"FlooringImagePrice\":\"3.55\",\"FlooringName\":\"Edimax Slaty Porcelain\",\"Flooring_Images\":\"https://az787822.vo.msecnd.net/sampleapps/costestimator/Tile-Edimax-Slaty.jpg\",\"Id\":17},{\"FlooringCategory\":\"Tile\",\"FlooringId\":4,\"FlooringImagePrice\":\"8.99\",\"FlooringName\":\"Honey Onyx Marble \",\"Flooring_Images\":\"https://az787822.vo.msecnd.net/sampleapps/costestimator/Tile-Honey-Onyx.jpg\",\"Id\":18},{\"FlooringCategory\":\"Tile\",\"FlooringId\":4,\"FlooringImagePrice\":\"9.99\",\"FlooringName\":\"Bianco Carrara Marble\",\"Flooring_Images\":\"https://az787822.vo.msecnd.net/sampleapps/costestimator/Tile-Bianco-Carrara.jpg\",\"Id\":19},{\"FlooringCategory\":\"Tile\",\"FlooringId\":4,\"FlooringImagePrice\":\"2.99\",\"FlooringName\":\"Indian Autumn Slate\",\"Flooring_Images\":\"https://az787822.vo.msecnd.net/sampleapps/costestimator/Tile-Indian-Autumn-Slate.jpg\",\"Id\":20},{\"FlooringCategory\":\"Tile\",\"FlooringId\":4,\"FlooringImagePrice\":\"3.99\",\"FlooringName\":\"Panaria Vitality Ceramic\",\"Flooring_Images\":\"https://az787822.vo.msecnd.net/sampleapps/costestimator/Tile-Panaria-Vitality.jpg\",\"Id\":21},{\"FlooringCategory\":\"Stone\",\"FlooringId\":5,\"FlooringImagePrice\":\"7.99\",\"FlooringName\":\"Arctic White Ledger Stone\",\"Flooring_Images\":\"https://az787822.vo.msecnd.net/sampleapps/costestimator/Stone-Ledger-Arctic-White.jpg\",\"Id\":22},{\"FlooringCategory\":\"Stone\",\"FlooringId\":5,\"FlooringImagePrice\":\"5.99\",\"FlooringName\":\"California Gold Ledger Stone\",\"Flooring_Images\":\"https://az787822.vo.msecnd.net/sampleapps/costestimator/Stone-Ledger-California-Gold.jpg\",\"Id\":23},{\"FlooringCategory\":\"Stone\",\"FlooringId\":5,\"FlooringImagePrice\":\"7.99\",\"FlooringName\":\"Charcoal Rust Ledger Stone\",\"Flooring_Images\":\"https://az787822.vo.msecnd.net/sampleapps/costestimator/Stone-Ledger-Charcoal-Rust.jpg\",\"Id\":24},{\"FlooringCategory\":\"Stone\",\"FlooringId\":5,\"FlooringImagePrice\":\"5.99\",\"FlooringName\":\"Golden Honey Ledger Stone\",\"Flooring_Images\":\"https://az787822.vo.msecnd.net/sampleapps/costestimator/Stone-Ledger-Golden-Honey.jpg\",\"Id\":25},{\"FlooringCategory\":\"Stone\",\"FlooringId\":5,\"FlooringImagePrice\":\"7.99\",\"FlooringName\":\"Sage Green Ledger Stone\",\"Flooring_Images\":\"https://az787822.vo.msecnd.net/sampleapps/costestimator/Stone-Ledger-Sage-Green.jpg\",\"Id\":26},{\"FlooringCategory\":\"Carpet\",\"FlooringId\":6,\"FlooringImagePrice\":\"8.1\",\"FlooringName\":\"Caserta Stone Beige\",\"Flooring_Images\":\"https://az787822.vo.msecnd.net/sampleapps/costestimator/Carpet-Stone-Beige.jpg\",\"Id\":27},{\"FlooringCategory\":\"Carpet\",\"FlooringId\":6,\"FlooringImagePrice\":\"8.1\",\"FlooringName\":\"Caserta Sky Grey\",\"Flooring_Images\":\"https://az787822.vo.msecnd.net/sampleapps/costestimator/Carpet-Sky-Grey.jpg\",\"Id\":28},{\"FlooringCategory\":\"Carpet\",\"FlooringId\":6,\"FlooringImagePrice\":\"1.98\",\"FlooringName\":\"Ageless Beauty Clay\",\"Flooring_Images\":\"https://az787822.vo.msecnd.net/sampleapps/costestimator/Carpet-Ageless-Beauty-Clay.jpg\",\"Id\":29},{\"FlooringCategory\":\"Carpet\",\"FlooringId\":6,\"FlooringImagePrice\":\"3.79\",\"FlooringName\":\"Lush II Tundra\",\"Flooring_Images\":\"https://az787822.vo.msecnd.net/sampleapps/costestimator/Carpet-Lush-II-Tundra.jpg\",\"Id\":30},{\"FlooringCategory\":\"Carpet\",\"FlooringId\":6,\"FlooringImagePrice\":\"3.79\",\"FlooringName\":\"Lush II Frosty Glade\",\"Flooring_Images\":\"https://az787822.vo.msecnd.net/sampleapps/costestimator/Carpet-Lush-II-Frosty-Glade.jpg\",\"Id\":31}]",
    "IsSampleData": false,
    "IsWritable": false,
    "Name": "Floorings",
    "OrderedColumnNames": [
      "Id",
      "FlooringId",
      "FlooringCategory",
      "FlooringName",
      "FlooringImagePrice",
      "Flooring_Images"
    ],
    "OriginalName": "Floorings",
    "OriginalSchema": "*[FlooringCategory:s, FlooringId:n, FlooringImagePrice:s, FlooringName:s, Flooring_Images:i, Id:n]",
    "Schema": "*[FlooringCategory:s, FlooringId:n, FlooringImagePrice:s, FlooringName:s, Flooring_Images:i, Id:n]",
    "Token": "{6F044138-92A4-44E2-9EFD-FF5794512E21}",
    "Type": "StaticDataSourceInfo"
  }
]