[
  {
    "Data": "[{\"Body\":\"Lorem ipsum dolor sit amet, consectetur adipiscing elit. Integer nec odio. Praesent libero. Sed cursus ante dapibus diam. Sed nisi. Nulla quis sem at nibh elementum imperdiet. Duis sagittis ipsum. Praesent mauris. Fusce nec tellus sed augue semper porta. Mauris massa. Vestibulum lacinia arcu eget nulla. \",\"Heading\":\"Lorem ipsum - 1\",\"Subtitle\":\"Lorem ipsum\"},{\"Body\":\"Etiam ultrices. Suspendisse in justo eu magna luctus suscipit. Sed lectus. Integer euismod lacus luctus magna. Quisque cursus, metus vitae pharetra auctor, sem massa mattis sem, at interdum magna augue eget diam.\\n\\nVestibulum ante ipsum primis in faucibus orci luctus et ultrices posuere cubilia Curae; Morbi lacinia molestie dui.\",\"Heading\":\"Lorem ipsum - 2\",\"Subtitle\":\"Lorem ipsum\"},{\"Body\":\"Class aptent taciti sociosqu ad litora torquent per conubia nostra, per inceptos himenaeos. Curabitur sodales ligula in libero. Sed dignissim lacinia nunc. Curabitur tortor. Pellentesque nibh. Aenean quam. In scelerisque sem at dolor. Maecenas mattis. Sed convallis tristique sem. Proin ut ligula vel nunc egestas porttitor.\",\"Heading\":\"Lorem ipsum - 3\",\"Subtitle\":\"Lorem ipsum\"},{\"Body\":\"Nulla metus metus, ullamcorper vel, tincidunt sed, euismod in, nibh. Quisque volutpat condimentum velit. Class aptent taciti sociosqu ad litora torquent per conubia nostra, per inceptos himenaeos. Nam nec ante. Sed lacinia, urna non tincidunt mattis, tortor neque adipiscing diam, a cursus ipsum ante quis turpis. Nulla facilisi.\",\"Heading\":\"Lorem ipsum - 4\",\"Subtitle\":\"Lorem ipsum\"}]",
    "IsSampleData": true,
    "IsWritable": false,
    "Name": "TextualGallerySample",
    "OrderedColumnNames": [
      "Heading",
      "Subtitle",
      "Body"
    ],
    "OriginalName": "TextualGallerySample",
    "OriginalSchema": "*[Body:s, Heading:s, Subtitle:s]",
    "Schema": "*[Body:s, Heading:s, Subtitle:s]",
    "Type": "StaticDataSourceInfo"
  }
]