﻿<?xml version="1.0" encoding="utf-8"?>
<ImportExportXml xmlns:xsi="http://www.w3.org/2001/XMLSchema-instance">
  <Entities />
  <Roles />
  <Workflows>
    <Workflow WorkflowId="{8839ea06-f0bc-eb11-8236-000d3a5bf14a}" Name="SubmitUserData">
      <JsonFileName>/Workflows/SubmitUserData-8839EA06-F0BC-EB11-8236-000D3A5BF14A.json</JsonFileName>
      <Type>1</Type>
      <Subprocess>0</Subprocess>
      <Category>5</Category>
      <Mode>0</Mode>
      <Scope>4</Scope>
      <OnDemand>0</OnDemand>
      <TriggerOnCreate>0</TriggerOnCreate>
      <TriggerOnDelete>0</TriggerOnDelete>
      <AsyncAutodelete>0</AsyncAutodelete>
      <SyncWorkflowLogOnFailure>0</SyncWorkflowLogOnFailure>
      <StateCode>1</StateCode>
      <StatusCode>2</StatusCode>
      <RunAs>1</RunAs>
      <IsTransacted>1</IsTransacted>
      <IntroducedVersion>1.0.0.0</IntroducedVersion>
      <IsCustomizable>1</IsCustomizable>
      <BusinessProcessType>0</BusinessProcessType>
      <IsCustomProcessingStepAllowedForOtherPublishers>1</IsCustomProcessingStepAllowedForOtherPublishers>
      <PrimaryEntity>none</PrimaryEntity>
      <LocalizedNames>
        <LocalizedName languagecode="1033" description="SubmitUserData" />
      </LocalizedNames>
    </Workflow>
  </Workflows>
  <FieldSecurityProfiles />
  <Templates />
  <EntityMaps />
  <EntityRelationships />
  <OrganizationSettings />
  <optionsets />
  <CustomControls />
  <EntityDataProviders />
  <CanvasApps>
    <CanvasApp>
      <Name>tst_app_e8d09</Name>
      <AppVersion>2021-06-25T00:02:42Z</AppVersion>
      <Status>Ready</Status>
      <CreatedByClientVersion>3.21051.29.0</CreatedByClientVersion>
      <MinClientVersion>3.21051.29.0</MinClientVersion>
      <Tags>{"primaryDeviceWidth":"640","primaryDeviceHeight":"1136","sienaVersion":"20210624T213011Z-3.21051.29.0","deviceCapabilities":"","supportsPortrait":"true","supportsLandscape":"false","primaryFormFactor":"Phone","publisherVersion":"3.21051.29","minimumRequiredApiVersion":"2.2.0","hasComponent":"false","hasUnlockedComponent":"false","isUnifiedRootApp":"false"}</Tags>
      <IsCdsUpgraded>0</IsCdsUpgraded>
      <GalleryItemId xsi:nil="true"></GalleryItemId>
      <BackgroundColor>rgba(0, 176, 240, 1)</BackgroundColor>
      <DisplayName>App</DisplayName>
      <Description></Description>
      <CommitMessage></CommitMessage>
      <Publisher></Publisher>
      <AuthorizationReferences>[]</AuthorizationReferences>
      <ConnectionReferences>{}</ConnectionReferences>
      <DatabaseReferences>{}</DatabaseReferences>
      <AppComponents>[]</AppComponents>
      <AppComponentDependencies>[]</AppComponentDependencies>
      <CanConsumeAppPass>1</CanConsumeAppPass>
      <CanvasAppType>0</CanvasAppType>
      <BypassConsent>0</BypassConsent>
      <AdminControlBypassConsent>0</AdminControlBypassConsent>
      <EmbeddedApp xsi:nil="true"></EmbeddedApp>
      <IntroducedVersion>1.0</IntroducedVersion>
      <CdsDependencies>{"cdsdependencies":[]}</CdsDependencies>
      <IsCustomizable>1</IsCustomizable>
      <BackgroundImageUri>/CanvasApps/tst_app_e8d09_BackgroundImageUri</BackgroundImageUri>
      <DocumentUri>/CanvasApps/tst_app_e8d09_DocumentUri.msapp</DocumentUri>
    </CanvasApp>
    <CanvasApp>
      <Name>tst_mycostestimatingapp_c4c8a</Name>
      <AppVersion>2021-06-25T00:02:48Z</AppVersion>
      <Status>Ready</Status>
      <CreatedByClientVersion>3.21061.19.0</CreatedByClientVersion>
      <MinClientVersion>3.21061.19.0</MinClientVersion>
      <Tags>{"primaryDeviceWidth":"640","primaryDeviceHeight":"1136","sienaVersion":"20210623T214453Z-3.21061.19.0","deviceCapabilities":"webcam","supportsPortrait":"true","supportsLandscape":"false","primaryFormFactor":"Phone","publisherVersion":"3.21061.19","minimumRequiredApiVersion":"2.2.0","hasComponent":"false","hasUnlockedComponent":"false","isUnifiedRootApp":"false"}</Tags>
      <IsCdsUpgraded>0</IsCdsUpgraded>
      <GalleryItemId xsi:nil="true"></GalleryItemId>
      <BackgroundColor>rgba(12, 193, 169, 1)</BackgroundColor>
      <DisplayName>My Cost Estimating App</DisplayName>
      <Description>Provide accurate, onsite labor and material estimates to your customers. User-defined fields and a custom sample catalog make it easy to deliver quick, custom estimates. This app will open with sample data.</Description>
      <CommitMessage></CommitMessage>
      <Publisher></Publisher>
      <AuthorizationReferences>[]</AuthorizationReferences>
      <ConnectionReferences>{}</ConnectionReferences>
      <DatabaseReferences>{}</DatabaseReferences>
      <AppComponents>[]</AppComponents>
      <AppComponentDependencies>[]</AppComponentDependencies>
      <CanConsumeAppPass>1</CanConsumeAppPass>
      <CanvasAppType>0</CanvasAppType>
      <BypassConsent>0</BypassConsent>
      <AdminControlBypassConsent>0</AdminControlBypassConsent>
      <EmbeddedApp xsi:nil="true"></EmbeddedApp>
      <IntroducedVersion>1.0</IntroducedVersion>
      <CdsDependencies>{"cdsdependencies":[]}</CdsDependencies>
      <IsCustomizable>1</IsCustomizable>
      <BackgroundImageUri>/CanvasApps/tst_mycostestimatingapp_c4c8a_BackgroundImageUri</BackgroundImageUri>
      <DocumentUri>/CanvasApps/tst_mycostestimatingapp_c4c8a_DocumentUri.msapp</DocumentUri>
    </CanvasApp>
  </CanvasApps>
  <Connectors>
    <Connector>
      <connectorid>b8a74948-172c-412d-acfd-fc542d88462d</connectorid>
      <description>Create Name and Job</description>
      <displayname>CreateUserandJob</displayname>
      <iconbrandcolor>#007ee5</iconbrandcolor>
      <name>tst_5Fcreateuserandjob</name>
      <connectortype>1</connectortype>
      <openapidefinition>/Connector/tst_5Fcreateuserandjob_openapidefinition.json</openapidefinition>
      <connectionparameters>/Connector/tst_5Fcreateuserandjob_connectionparameters.json</connectionparameters>
      <policytemplateinstances>/Connector/tst_5Fcreateuserandjob_policytemplateinstances.json</policytemplateinstances>
      <iconblob>/Connector/tst_5Fcreateuserandjob_iconblob.Png</iconblob>
    </Connector>
  </Connectors>
  <connectionreferences>
    <connectionreference connectionreferencelogicalname="tst_sharedtst5fcreateuserandjob5ffeb85c4c63870282_b4cc7">
      <connectionreferencedisplayname>CreateUserandJob</connectionreferencedisplayname>
      <connectorid>/providers/Microsoft.PowerApps/apis/shared_tst-5fcreateuserandjob-5ffeb85c4c63870282</connectorid>
      <customconnectorid>
        <connectorid>b8a74948-172c-412d-acfd-fc542d88462d</connectorid>
      </customconnectorid>
      <iscustomizable>1</iscustomizable>
      <statecode>0</statecode>
      <statuscode>1</statuscode>
    </connectionreference>
  </connectionreferences>
  <Languages>
    <Language>1033</Language>
  </Languages>
</ImportExportXml>