<widget xmlns="http://openajax.org/metadata" spec="1.0" id="http://microsoft.com/appmagic/timer" name="timer" jsClass="AppMagic.Controls.Timer" version="2.0.1" styleable="true" runtimeCost="1" xmlns:appMagic="http://schemas.microsoft.com/appMagic">
  <author name="Microsoft AppMagic" />
  <license type="text/html"><![CDATA[<p>TODO:  Need license text here.</p>]]></license>
  <description><![CDATA[Timer Control description here.]]></description>
  <requires>
    <require type="css" src="css/timer.css" />
    <require type="javascript" src="js/timer.js" />
  </requires>
  <appMagic:capabilities autoBorders="true" autoFocusedBorders="true" autoFill="true" autoPointerViewState="true" autoDisabledViewState="true" autoBorderRadius="true" contextualViewsEnabled="true" screenActiveAware="true" isVersionFlexible="true" />
  <content><![CDATA[
    <div class="appmagic-timer">
      <button
        class="timer-button"
        touch-action="pan-x pan-y"
        data-bind="{
          attr: {
            title: properties.Tooltip,
            'aria-label': accessibleLabel,
            'aria-describedby': descriptionId
          },
          disable: viewState.displayMode() != AppMagic.Constants.DisplayMode.Edit,
          event: {
            click: handleClick
          },
          css: {
            bottom: properties.VerticalAlign() === 'bottom',
            center: properties.Align() === 'center',
            disabled: viewState.displayMode() === AppMagic.Constants.DisplayMode.Disabled,
            justify: properties.Align() === 'justify',
            left: properties.Align() === 'left',
            middle: properties.VerticalAlign() === 'middle',
            readonly: viewState.displayMode() === AppMagic.Constants.DisplayMode.View,
            right: properties.Align() === 'right',
            strikethrough: properties.Strikethrough,
            top: properties.VerticalAlign() === 'top',
            underline: properties.Underline
          },
          style: {
            color: autoProperties.Color,
            fontFamily: properties.Font,
            fontSize: properties.Size,
            fontStyle: properties.Italic,
            fontWeight: properties.FontWeight,
            paddingBottom: properties.PaddingBottom,
            paddingLeft: properties.PaddingLeft,
            paddingRight: properties.PaddingRight,
            paddingTop: properties.PaddingTop,
            textAlign: properties.Align
          }
      }">
        <div
          class="timer-label"
          data-bind="{
            text: properties.Text
        }"></div>
      </button>
      <div
        data-bind="{
          text: AppMagic.Strings.TimerInstructions,
          visible: false,
          attr: {
            id: descriptionId,
          },
        }"
        ></div>
      <!-- Screen reader message updated periodically when timer runs. Interval defined in TimerViewModel.ts -->
      <div
        class="elapsed-time-message"
        data-bind="{
          attr: {
            'aria-label': AppMagic.Strings.TimerLastStatusLabel,
            'aria-live': properties.Visible() ? 'polite' : null
          },
          text: timerNotificationMessage
      }"></div>
    </div>
    ]]></content>
  <properties>
    <property name="Start" localizedName="##timer_Start##" datatype="boolean" defaultValue="false" nullDefault="false">
      <title>When true, timer will start playing or continue to play. When false, timer stops playing</title>
      <appMagic:category>data</appMagic:category>
      <appMagic:helperUI>boolean</appMagic:helperUI>
      <appMagic:displayName>##timer_Start_DisplayName##</appMagic:displayName>
      <appMagic:tooltip>##timer_Start_Tooltip##</appMagic:tooltip>
    </property>
    <property name="Duration" localizedName="##timer_Duration##" datatype="Number" defaultValue="60000" minimum="0" nullDefault="0" isPrimaryInputProperty="true">
      <title>Duration value for the timer</title>
      <appMagic:category>data</appMagic:category>
      <appMagic:displayName>##timer_Duration_DisplayName##</appMagic:displayName>
      <appMagic:tooltip>##timer_Duration_Tooltip##</appMagic:tooltip>
    </property>
    <property name="Repeat" localizedName="##timer_Repeat##" datatype="Boolean" defaultValue="false" nullDefault="false">
      <title>When End is reached, reset Value property to 0 and continues</title>
      <appMagic:category>data</appMagic:category>
      <appMagic:helperUI>boolean</appMagic:helperUI>
      <appMagic:displayName>##timer_Repeat_DisplayName##</appMagic:displayName>
      <appMagic:tooltip>##timer_Repeat_Tooltip##</appMagic:tooltip>
    </property>
    <property name="Reset" localizedName="##timer_Reset##" datatype="boolean" defaultValue="false" nullDefault="false">
      <title>When transistioning from false to true, Resets timer</title>
      <appMagic:category>data</appMagic:category>
      <appMagic:helperUI>boolean</appMagic:helperUI>
      <appMagic:displayName>##timer_Reset_DisplayName##</appMagic:displayName>
      <appMagic:tooltip>##timer_Reset_Tooltip##</appMagic:tooltip>
    </property>
    <property name="AutoStart" localizedName="##timer_AutoStart##" datatype="Boolean" defaultValue="false">
      <title>Automatically start timer when parent screen becomes active</title>
      <appMagic:category>data</appMagic:category>
      <appMagic:helperUI>boolean</appMagic:helperUI>
      <appMagic:displayName>##timer_AutoStart_DisplayName##</appMagic:displayName>
      <appMagic:tooltip>##timer_AutoStart_Tooltip##</appMagic:tooltip>
    </property>
    <property name="AutoPause" localizedName="##timer_AutoPause##" datatype="Boolean" defaultValue="true">
      <title>Automatically pause timer when parent screen becomes inactive</title>
      <appMagic:category>data</appMagic:category>
      <appMagic:helperUI>boolean</appMagic:helperUI>
      <appMagic:displayName>##timer_AutoPause_DisplayName##</appMagic:displayName>
      <appMagic:tooltip>##timer_AutoPause_Tooltip##</appMagic:tooltip>
    </property>
    <property name="Value" localizedName="##timer_Value##" datatype="Number" direction="out" IsPrimaryOutputProperty="true">
      <title>Value of the timer in milliseconds</title>
      <appMagic:category>data</appMagic:category>
    </property>
    <!-- TASK: 85476 - Do behavior properties make sense as input only? -->
    <property name="OnTimerStart" localizedName="##timer_OnTimerStart##" datatype="Boolean" defaultValue="false" direction="in">
      <title>Timer Start</title>
      <appMagic:category>behavior</appMagic:category>
      <appMagic:displayName>##timer_OnTimerStart_DisplayName##</appMagic:displayName>
      <appMagic:tooltip>##timer_OnTimerStart_Tooltip##</appMagic:tooltip>
    </property>
    <property name="OnTimerEnd" localizedName="##timer_OnTimerEnd##" datatype="Boolean" defaultValue="false" direction="in" isPrimaryBehaviorProperty="true">
      <title>Timer End</title>
      <appMagic:category>behavior</appMagic:category>
      <appMagic:displayName>##timer_OnTimerEnd_DisplayName##</appMagic:displayName>
      <appMagic:tooltip>##timer_OnTimerEnd_Tooltip##</appMagic:tooltip>
    </property>
  </properties>
  <appMagic:includeProperties>
    <!--Behavior -->
    <appMagic:includeProperty name="OnSelect" direction="in" />
    <!-- Data -->
    <appMagic:includeProperty name="Text" defaultValue="Text(Time(0, 0, Self.Value/1000), &quot;hh:mm:ss&quot;)" isExpr="true" />
    <appMagic:includeProperty name="Tooltip" />
    <!-- Design -->
    <appMagic:includeProperty name="BorderColor" defaultValue="ColorFade(Self.Fill, -15%)" />
    <appMagic:includeProperty name="RadiusTopLeft" defaultValue="10" />
    <appMagic:includeProperty name="RadiusTopRight" defaultValue="10" />
    <appMagic:includeProperty name="RadiusBottomLeft" defaultValue="10" />
    <appMagic:includeProperty name="RadiusBottomRight" defaultValue="10" />
    <appMagic:includeProperty name="DisabledBorderColor" defaultValue="ColorFade(Self.BorderColor, 70%)" />
    <appMagic:includeProperty name="PressedBorderColor" defaultValue="Self.Fill" />
    <appMagic:includeProperty name="HoverBorderColor" defaultValue="ColorFade(Self.BorderColor, 20%)" />
    <appMagic:includeProperty name="BorderStyle" />
    <appMagic:includeProperty name="BorderThickness" defaultValue="2" />
    <appMagic:includeProperty name="FocusedBorderColor" defaultValue="Self.BorderColor" isExpr="true" />
    <appMagic:includeProperty name="FocusedBorderThickness" defaultValue="4" />
    <appMagic:includeProperty name="Color" defaultValue="RGBA(255, 255, 255, 1)" />
    <appMagic:includeProperty name="DisabledColor" defaultValue="ColorFade(Self.Fill, 90%)" />
    <appMagic:includeProperty name="PressedColor" defaultValue="Self.Fill" />
    <appMagic:includeProperty name="HoverColor" defaultValue="Self.Color" />
    <appMagic:includeProperty name="DisplayMode" />
    <appMagic:includeProperty name="Fill" defaultValue="RGBA(35, 31, 32, 1)" />
    <appMagic:includeProperty name="DisabledFill" defaultValue="ColorFade(Self.Fill, 70%)" />
    <appMagic:includeProperty name="PressedFill" defaultValue="Self.Color" />
    <appMagic:includeProperty name="HoverFill" defaultValue="ColorFade(Self.Fill, 20%)" />
    <appMagic:includeProperty name="Font" />
    <appMagic:includeProperty name="Size" defaultValue="13" phoneDefaultValue="23" />
    <appMagic:includeProperty name="FontWeight" defaultValue="%FontWeight.RESERVED%.Normal" />
    <appMagic:includeProperty name="Italic" />
    <appMagic:includeProperty name="Underline" />
    <appMagic:includeProperty name="Strikethrough" />
    <appMagic:includeProperty name="Align" defaultValue="%Align.RESERVED%.Center" />
    <appMagic:includeProperty name="PaddingTop" defaultValue="5" />
    <appMagic:includeProperty name="PaddingRight" defaultValue="5" />
    <appMagic:includeProperty name="PaddingBottom" defaultValue="5" />
    <appMagic:includeProperty name="PaddingLeft" defaultValue="5" />
    <appMagic:includeProperty name="Visible" />
    <appMagic:includeProperty name="VerticalAlign" defaultValue="%VerticalAlign.RESERVED%.Middle" />
    <appMagic:includeProperty name="X" />
    <appMagic:includeProperty name="Y" />
    <appMagic:includeProperty name="Width" defaultValue="160" phoneDefaultValue="280" webDefaultValue="85" />
    <appMagic:includeProperty name="Height" defaultValue="40" phoneDefaultValue="70" webDefaultValue="32" />
    <appMagic:includeProperty name="TabIndex" />
    <!-- Hidden -->
    <appMagic:includeProperty name="maximumHeight" defaultValue="768" />
    <appMagic:includeProperty name="maximumWidth" defaultValue="1366" />
    <appMagic:includeProperty name="minimumHeight" defaultValue="5" />
    <appMagic:includeProperty name="minimumWidth" defaultValue="5" />
  </appMagic:includeProperties>
  <!--Property Dependencies -->
  <appMagic:propertyDependencies>
    <appMagic:propertyDependency input="Start" output="Value" />
    <appMagic:propertyDependency input="AutoStart" output="Value" />
    <appMagic:propertyDependency input="Reset" output="Value" />
  </appMagic:propertyDependencies>
  <appMagic:insertMetadata>
    <appMagic:category name="Input" priority="130" />
  </appMagic:insertMetadata>
  <!-- Display metadata providing property visibility, order, sections, and grouping in UI (e.g. properties panel) -->
  <appMagic:displayMetadata>
    <appMagic:section>
      <appMagic:property name="Text" />
      <appMagic:property name="Duration" />
      <appMagic:property name="Repeat" />
      <appMagic:property name="AutoStart" />
      <appMagic:property name="AutoPause" />
      <appMagic:property name="DisplayMode" />
    </appMagic:section>
    <appMagic:section>
      <appMagic:property name="Visible" />
      <appMagic:propertyGroup name="Position">
        <appMagic:property name="X" />
        <appMagic:property name="Y" />
      </appMagic:propertyGroup>
      <appMagic:propertyGroup name="Size">
        <appMagic:property name="Width" />
        <appMagic:property name="Height" />
      </appMagic:propertyGroup>
      <appMagic:propertyGroup name="Padding">
        <appMagic:property name="PaddingTop" labelOverride="##Padding_Top_Title##" />
        <appMagic:property name="PaddingBottom" labelOverride="##Padding_Bottom_Title##" />
        <appMagic:property name="PaddingLeft" labelOverride="##Padding_Left_Title##" />
        <appMagic:property name="PaddingRight" labelOverride="##Padding_Right_Title##" />
      </appMagic:propertyGroup>
    </appMagic:section>
    <appMagic:section>
      <appMagic:propertyGroup name="Color">
        <appMagic:property name="Color" showInFloatie="true" />
        <appMagic:property name="Fill" showInFloatie="true" />
      </appMagic:propertyGroup>
      <appMagic:property name="Font" displayType="FontEnum" showInFloatie="true" />
      <appMagic:property name="Size" labelOverride="##FontSize_Property##" showInFloatie="true" />
      <appMagic:property name="FontWeight" displayType="EnumIcon" itemsOrder="Bold;Semibold;Normal;Lighter" />
      <appMagic:propertyGroup name="Style">
        <appMagic:property name="Italic" displayType="ToggleButton" />
        <appMagic:property name="Underline" displayType="ToggleButton" />
        <appMagic:property name="Strikethrough" displayType="ToggleButton" />
      </appMagic:propertyGroup>
      <appMagic:property name="Align" displayType="EnumButtons" itemsOrder="Left;Center;Right;Justify" labelOverride="##FontAlign_Property##" showInFloatie="true" floatieDisplayType="FaceplateIconEnum" />
      <appMagic:propertyGroup name="Border">
        <appMagic:property name="BorderStyle" />
        <appMagic:property name="BorderThickness" />
        <appMagic:property name="BorderColor" />
      </appMagic:propertyGroup>
      <appMagic:propertyGroup name="Radius">
        <appMagic:property name="RadiusTopLeft" />
        <appMagic:property name="RadiusTopRight" />
        <appMagic:property name="RadiusBottomLeft" />
        <appMagic:property name="RadiusBottomRight" />
      </appMagic:propertyGroup>
    </appMagic:section>
    <appMagic:section>
      <appMagic:propertyGroup name="DisabledColor">
        <appMagic:property name="DisabledColor" />
        <appMagic:property name="DisabledFill" />
        <appMagic:property name="DisabledBorderColor" />
      </appMagic:propertyGroup>
      <appMagic:propertyGroup name="HoverColor">
        <appMagic:property name="HoverColor" />
        <appMagic:property name="HoverFill" />
        <appMagic:property name="HoverBorderColor" />
      </appMagic:propertyGroup>
      <appMagic:propertyGroup name="PressedColor">
        <appMagic:property name="PressedColor" />
        <appMagic:property name="PressedFill" />
        <appMagic:property name="PressedBorderColor" />
      </appMagic:propertyGroup>
      <appMagic:property name="Tooltip" />
      <appMagic:property name="TabIndex" />
    </appMagic:section>
    <appMagic:section>
      <appMagic:property name="Start" hideInPropertyPanel="true" />
      <appMagic:property name="Reset" hideInPropertyPanel="true" />
    </appMagic:section>
  </appMagic:displayMetadata>
  <appMagic:conversion from="2.0.0" to="2.0.1">
    <!-- Accessibility fixes for KO template -->
  </appMagic:conversion>
</widget>