{
  "CurrentTheme": "defaultTheme",
  "CustomThemes": [
    {
      "name": "defaultTheme",
      "palette": [
        {
          "name": "ScreenBkgColor",
          "type": "c",
          "value": "RGBA(255,255,255,1)"
        },
        {
          "name": "InvertedBkgColor",
          "type": "c",
          "value": "RGBA(62,96,170,1)"
        },
        {
          "name": "PrimaryColor1",
          "type": "c",
          "value": "RGBA(62,96,170,1)"
        },
        {
          "name": "PrimaryColor2",
          "type": "c",
          "value": "RGBA(101,128,187,1)"
        },
        {
          "name": "PrimaryColor3",
          "type": "c",
          "value": "RGBA(190,202,226,1)"
        },
        {
          "name": "PrimaryColor1Light",
          "type": "c",
          "value": "RGBA(62,96,170,.2)"
        },
        {
          "name": "PrimaryColor2Light",
          "type": "c",
          "value": "RGBA(101,128,187,.2)"
        },
        {
          "name": "PrimaryColor3Light",
          "type": "c",
          "value": "RGBA(190,202,226,.2)"
        },
        {
          "name": "PrimaryColor3Fade",
          "type": "c",
          "value": "ColorFade(RGBA(190,202,226,1), 70%)"
        },
        {
          "name": "TextMainColor",
          "type": "c",
          "value": "RGBA(47,41,43,1)"
        },
        {
          "name": "TextMainColorInverted",
          "type": "c",
          "value": "RGBA(255,255,255,1)"
        },
        {
          "name": "TextLinkColor",
          "type": "c",
          "value": "RGBA(0, 134, 208, 1)"
        },
        {
          "name": "TextFooterFontColor",
          "type": "c",
          "value": "RGBA(132, 132, 132, 1)"
        },
        {
          "name": "InputBkgColor",
          "type": "c",
          "value": "RGBA(255, 255, 255, 1)"
        },
        {
          "name": "InputTextColor",
          "type": "c",
          "value": "RGBA(47, 41, 43, 1)"
        },
        {
          "name": "InputBorderColor",
          "type": "c",
          "value": "RGBA(101, 128, 187, 1)"
        },
        {
          "name": "RailBkgColor",
          "type": "c",
          "value": "RGBA(128, 130, 133, 1)"
        },
        {
          "name": "HandleBkgColor",
          "type": "c",
          "value": "RGBA(255, 255, 255, 1)"
        },
        {
          "name": "InnerCircleBkgColor",
          "type": "c",
          "value": "ColorFade(RGBA(255,255,255,1), -5%)"
        },
        {
          "name": "DisabledBorderColor",
          "type": "c",
          "value": "RGBA(159, 167, 165, 1)"
        },
        {
          "name": "DisabledTextMainColor",
          "type": "c",
          "value": "ColorFade(RGBA(47, 41, 43, 1), 70%)"
        },
        {
          "name": "DisabledInputBkgColor",
          "type": "c",
          "value": "ColorFade(RGBA(159, 167, 165, 1), 50%)"
        },
        {
          "name": "DisabledButtonBkgColor",
          "type": "c",
          "value": "RGBA(193, 193, 193, 0.95)"
        },
        {
          "name": "HoverButtonBkgColor",
          "type": "c",
          "value": "ColorFade(RGBA(101, 128, 187, 1), 30%)"
        },
        {
          "name": "HoverCancelButtonBkgColor",
          "type": "c",
          "value": "ColorFade(RGBA(62, 96, 170, 1), 20%)"
        },
        {
          "name": "HoverInputBkgColor",
          "type": "c",
          "value": "ColorFade(RGBA(190, 202, 226, 1), 30%)"
        },
        {
          "name": "OverlayBkgColor",
          "type": "c",
          "value": "RGBA(0, 0, 0, 0.4)"
        },
        {
          "name": "ReservedInfoColor",
          "type": "c",
          "value": "RGBA(0, 134, 208, 1)"
        },
        {
          "name": "ReservedSuccessColor",
          "type": "c",
          "value": "RGBA(141, 198, 63, 1)"
        },
        {
          "name": "ReservedWarningColor",
          "type": "c",
          "value": "RGBA(252, 219, 2, 1)"
        },
        {
          "name": "ReservedErrorColor",
          "type": "c",
          "value": "RGBA(246, 88, 16, 1)"
        },
        {
          "name": "ReservedCriticalErrorColor",
          "type": "c",
          "value": "RGBA(237, 28, 36, 1)"
        },
        {
          "name": "ReservedDisabledStatusColor",
          "type": "c",
          "value": "RGBA(193, 193, 193, 1)"
        },
        {
          "name": "ReservedWhiteColor",
          "type": "c",
          "value": "RGBA(255, 255, 255, 1)"
        },
        {
          "name": "ReservedChartColorSet",
          "type": "![]",
          "value": "[RGBA(49, 130, 93, 1),RGBA(48,166,103, 1), RGBA(94,193,108,1), RGBA(246,199,144,1), RGBA(247,199,114,1), RGBA(247,180,91,1), RGBA(246,143,100,1), RGBA(212,96,104,1), RGBA(148, 110, 176, 1), RGBA(118, 154, 204, 1), RGBA(96, 197, 234, 1)]"
        },
        {
          "name": "TextBodyFontWeight",
          "type": "e",
          "value": "%FontWeight.RESERVED%.Normal"
        },
        {
          "name": "TextEmphasisFontWeight",
          "type": "e",
          "value": "%FontWeight.RESERVED%.Semibold"
        },
        {
          "name": "TextBodyFontFace",
          "type": "e",
          "value": "%Font.RESERVED%.'Open Sans'"
        },
        {
          "name": "InputBorderThickness",
          "type": "n",
          "value": "2"
        },
        {
          "name": "InputFocusedBorderThickness",
          "type": "n",
          "value": "4"
        },
        {
          "name": "TextHeaderFontSize",
          "phoneValue": "27",
          "type": "n",
          "value": "18"
        },
        {
          "name": "TextTitleFontSize",
          "type": "n",
          "value": "20"
        },
        {
          "name": "TextSubtitleFontSize",
          "type": "n",
          "value": "18"
        },
        {
          "name": "TextContentFontSize",
          "type": "n",
          "value": "16"
        },
        {
          "name": "TextEmphasisFontSize",
          "phoneValue": "24",
          "type": "n",
          "value": "15"
        },
        {
          "name": "TextBodyFontSize",
          "phoneValue": "21",
          "type": "n",
          "value": "13"
        },
        {
          "name": "TextFooterFontSize",
          "phoneValue": "18",
          "type": "n",
          "value": "11"
        },
        {
          "name": "TextMiniFontSize",
          "phoneValue": "15",
          "type": "n",
          "value": "9"
        },
        {
          "name": "IconFillColorInverted",
          "type": "c",
          "value": "RGBA(255, 255, 255, 1)"
        },
        {
          "name": "IconPressedFillColorInverted",
          "type": "c",
          "value": "RGBA(255, 255, 255, 0.3)"
        }
      ],
      "styles": [
        {
          "controlTemplateName": "screen",
          "name": "defaultScreenStyle",
          "propertyValuesMap": [
            {
              "property": "Fill",
              "value": "%Palette.ScreenBkgColor%"
            }
          ]
        },
        {
          "controlTemplateName": "label",
          "name": "defaultLabelStyle",
          "propertyValuesMap": [
            {
              "property": "BorderColor",
              "value": "%Palette.InputBorderColor%"
            },
            {
              "property": "DisabledColor",
              "value": "%Palette.DisabledTextMainColor%"
            },
            {
              "property": "Color",
              "value": "%Palette.TextMainColor%"
            },
            {
              "property": "Font",
              "value": "%Palette.TextBodyFontFace%"
            },
            {
              "property": "FontWeight",
              "value": "%Palette.TextBodyFontWeight%"
            },
            {
              "property": "Size",
              "value": "%Palette.TextBodyFontSize%"
            }
          ]
        },
        {
          "controlTemplateName": "label",
          "name": "basicNoSizeLabelStyle",
          "propertyValuesMap": [
            {
              "property": "DisabledColor",
              "value": "%Palette.DisabledTextMainColor%"
            },
            {
              "property": "Color",
              "value": "%Palette.TextMainColor%"
            },
            {
              "property": "Font",
              "value": "%Palette.TextBodyFontFace%"
            },
            {
              "property": "FontWeight",
              "value": "%Palette.TextBodyFontWeight%"
            }
          ]
        },
        {
          "controlTemplateName": "label",
          "name": "basicNoSizeInvertedBkgLabelStyle",
          "propertyValuesMap": [
            {
              "property": "Color",
              "value": "%Palette.TextMainColorInverted%"
            },
            {
              "property": "DisabledColor",
              "value": "%Palette.DisabledTextMainColor%"
            },
            {
              "property": "Font",
              "value": "%Palette.TextBodyFontFace%"
            },
            {
              "property": "FontWeight",
              "value": "%Palette.TextBodyFontWeight%"
            }
          ]
        },
        {
          "controlTemplateName": "label",
          "name": "invertedBkgHeaderLabelStyle",
          "propertyValuesMap": [
            {
              "property": "Color",
              "value": "%Palette.TextMainColorInverted%"
            },
            {
              "property": "DisabledColor",
              "value": "%Palette.DisabledTextMainColor%"
            },
            {
              "property": "Font",
              "value": "%Palette.TextBodyFontFace%"
            },
            {
              "property": "FontWeight",
              "value": "%Palette.TextBodyFontWeight%"
            },
            {
              "property": "Size",
              "value": "%Palette.TextHeaderFontSize%"
            }
          ]
        },
        {
          "controlTemplateName": "label",
          "name": "invertedBkgTitleLabelStyle",
          "propertyValuesMap": [
            {
              "property": "Color",
              "value": "%Palette.TextMainColorInverted%"
            },
            {
              "property": "DisabledColor",
              "value": "%Palette.DisabledTextMainColor%"
            },
            {
              "property": "Font",
              "value": "%Palette.TextBodyFontFace%"
            },
            {
              "property": "FontWeight",
              "value": "%Palette.TextBodyFontWeight%"
            },
            {
              "property": "Size",
              "value": "%Palette.TextTitleFontSize%"
            }
          ]
        },
        {
          "controlTemplateName": "label",
          "name": "linkLabelStyle",
          "propertyValuesMap": [
            {
              "property": "Color",
              "value": "%Palette.TextLinkColor%"
            },
            {
              "property": "DisabledColor",
              "value": "%Palette.DisabledTextMainColor%"
            },
            {
              "property": "Font",
              "value": "%Palette.TextBodyFontFace%"
            },
            {
              "property": "FontWeight",
              "value": "%Palette.TextBodyFontWeight%"
            }
          ]
        },
        {
          "controlTemplateName": "label",
          "name": "headerLabelStyle",
          "propertyValuesMap": [
            {
              "property": "Color",
              "value": "%Palette.TextMainColor%"
            },
            {
              "property": "DisabledColor",
              "value": "%Palette.DisabledTextMainColor%"
            },
            {
              "property": "Font",
              "value": "%Palette.TextBodyFontFace%"
            },
            {
              "property": "FontWeight",
              "value": "%Palette.TextBodyFontWeight%"
            },
            {
              "property": "Size",
              "value": "%Palette.TextHeaderFontSize%"
            }
          ]
        },
        {
          "controlTemplateName": "label",
          "name": "subHeaderLabelStyle",
          "propertyValuesMap": [
            {
              "property": "Color",
              "value": "%Palette.PrimaryColor2%"
            },
            {
              "property": "DisabledColor",
              "value": "%Palette.DisabledTextMainColor%"
            },
            {
              "property": "Font",
              "value": "%Palette.TextBodyFontFace%"
            },
            {
              "property": "FontWeight",
              "value": "%Palette.TextEmphasisFontWeight%"
            },
            {
              "property": "Size",
              "value": "%Palette.TextBodyFontSize%"
            }
          ]
        },
        {
          "controlTemplateName": "label",
          "name": "titleLabelStyle",
          "propertyValuesMap": [
            {
              "property": "Color",
              "value": "%Palette.TextMainColor%"
            },
            {
              "property": "DisabledColor",
              "value": "%Palette.DisabledTextMainColor%"
            },
            {
              "property": "Font",
              "value": "%Palette.TextBodyFontFace%"
            },
            {
              "property": "FontWeight",
              "value": "%Palette.TextEmphasisFontWeight%"
            },
            {
              "property": "Size",
              "value": "%Palette.TextTitleFontSize%"
            }
          ]
        },
        {
          "controlTemplateName": "label",
          "name": "overlayTitleLabelStyle",
          "propertyValuesMap": [
            {
              "property": "Color",
              "value": "%Palette.TextMainColorInverted%"
            },
            {
              "property": "DisabledColor",
              "value": "%Palette.DisabledTextMainColor%"
            },
            {
              "property": "Font",
              "value": "%Palette.TextBodyFontFace%"
            },
            {
              "property": "FontWeight",
              "value": "%Palette.TextEmphasisFontWeight%"
            },
            {
              "property": "Size",
              "value": "%Palette.TextTitleFontSize%"
            }
          ]
        },
        {
          "controlTemplateName": "label",
          "name": "subtitleLabelStyle",
          "propertyValuesMap": [
            {
              "property": "Color",
              "value": "%Palette.TextMainColor%"
            },
            {
              "property": "DisabledColor",
              "value": "%Palette.DisabledTextMainColor%"
            },
            {
              "property": "Font",
              "value": "%Palette.TextBodyFontFace%"
            },
            {
              "property": "FontWeight",
              "value": "%Palette.TextBodyFontWeight%"
            },
            {
              "property": "Size",
              "value": "%Palette.TextSubtitleFontSize%"
            }
          ]
        },
        {
          "controlTemplateName": "label",
          "name": "overlaySubtitleLabelStyle",
          "propertyValuesMap": [
            {
              "property": "Color",
              "value": "%Palette.TextMainColorInverted%"
            },
            {
              "property": "DisabledColor",
              "value": "%Palette.DisabledTextMainColor%"
            },
            {
              "property": "Font",
              "value": "%Palette.TextBodyFontFace%"
            },
            {
              "property": "FontWeight",
              "value": "%Palette.TextBodyFontWeight%"
            },
            {
              "property": "Size",
              "value": "%Palette.TextSubtitleFontSize%"
            }
          ]
        },
        {
          "controlTemplateName": "label",
          "name": "contentLabelStyle",
          "propertyValuesMap": [
            {
              "property": "Color",
              "value": "%Palette.TextMainColor%"
            },
            {
              "property": "DisabledColor",
              "value": "%Palette.DisabledTextMainColor%"
            },
            {
              "property": "Font",
              "value": "%Palette.TextBodyFontFace%"
            },
            {
              "property": "FontWeight",
              "value": "%Palette.TextBodyFontWeight%"
            },
            {
              "property": "Size",
              "value": "%Palette.TextContentFontSize%"
            }
          ]
        },
        {
          "controlTemplateName": "label",
          "name": "accentLabelStyle",
          "propertyValuesMap": [
            {
              "property": "Color",
              "value": "%Palette.PrimaryColor2%"
            },
            {
              "property": "DisabledColor",
              "value": "%Palette.DisabledTextMainColor%"
            },
            {
              "property": "Font",
              "value": "%Palette.TextBodyFontFace%"
            },
            {
              "property": "FontWeight",
              "value": "%Palette.TextBodyFontWeight%"
            },
            {
              "property": "Size",
              "value": "%Palette.TextBodyFontSize%"
            }
          ]
        },
        {
          "controlTemplateName": "label",
          "name": "pickerEmphasisLabelStyle",
          "propertyValuesMap": [
            {
              "property": "Color",
              "value": "%Palette.TextMainColor%"
            },
            {
              "property": "DisabledColor",
              "value": "%Palette.DisabledTextMainColor%"
            },
            {
              "property": "Font",
              "value": "%Palette.TextBodyFontFace%"
            },
            {
              "property": "FontWeight",
              "value": "%Palette.TextEmphasisFontWeight%"
            },
            {
              "property": "Size",
              "value": "%Palette.TextEmphasisFontSize%"
            }
          ]
        },
        {
          "controlTemplateName": "label",
          "name": "pickerEmphasisWithAccentLabelStyle",
          "propertyValuesMap": [
            {
              "property": "Color",
              "value": "%Palette.PrimaryColor2%"
            },
            {
              "property": "DisabledColor",
              "value": "%Palette.DisabledTextMainColor%"
            },
            {
              "property": "Font",
              "value": "%Palette.TextBodyFontFace%"
            },
            {
              "property": "FontWeight",
              "value": "%Palette.TextEmphasisFontWeight%"
            },
            {
              "property": "Size",
              "value": "%Palette.TextEmphasisFontSize%"
            }
          ]
        },
        {
          "controlTemplateName": "label",
          "name": "pickerEmphasisSecondaryLabelStyle",
          "propertyValuesMap": [
            {
              "property": "Color",
              "value": "%Palette.TextFooterFontColor%"
            },
            {
              "property": "DisabledColor",
              "value": "%Palette.DisabledTextMainColor%"
            },
            {
              "property": "Font",
              "value": "%Palette.TextBodyFontFace%"
            },
            {
              "property": "FontWeight",
              "value": "%Palette.TextBodyFontWeight%"
            },
            {
              "property": "Size",
              "value": "%Palette.TextEmphasisFontSize%"
            }
          ]
        },
        {
          "controlTemplateName": "label",
          "name": "footerAccentLabelStyle",
          "propertyValuesMap": [
            {
              "property": "Color",
              "value": "%Palette.PrimaryColor2%"
            },
            {
              "property": "DisabledColor",
              "value": "%Palette.DisabledTextMainColor%"
            },
            {
              "property": "Font",
              "value": "%Palette.TextBodyFontFace%"
            },
            {
              "property": "FontWeight",
              "value": "%Palette.TextBodyFontWeight%"
            },
            {
              "property": "Size",
              "value": "%Palette.TextFooterFontSize%"
            }
          ]
        },
        {
          "controlTemplateName": "label",
          "name": "footerLabelStyle",
          "propertyValuesMap": [
            {
              "property": "Color",
              "value": "%Palette.TextFooterFontColor%"
            },
            {
              "property": "DisabledColor",
              "value": "%Palette.DisabledTextMainColor%"
            },
            {
              "property": "Font",
              "value": "%Palette.TextBodyFontFace%"
            },
            {
              "property": "FontWeight",
              "value": "%Palette.TextBodyFontWeight%"
            },
            {
              "property": "Size",
              "value": "%Palette.TextFooterFontSize%"
            }
          ]
        },
        {
          "controlTemplateName": "label",
          "name": "miniLabelStyle",
          "propertyValuesMap": [
            {
              "property": "Color",
              "value": "%Palette.PrimaryColor2%"
            },
            {
              "property": "DisabledColor",
              "value": "%Palette.DisabledTextMainColor%"
            },
            {
              "property": "Font",
              "value": "%Palette.TextBodyFontFace%"
            },
            {
              "property": "FontWeight",
              "value": "%Palette.TextBodyFontWeight%"
            },
            {
              "property": "Size",
              "value": "%Palette.TextMiniFontSize%"
            }
          ]
        },
        {
          "controlTemplateName": "label",
          "name": "miniInvertedBkgLabelStyle",
          "propertyValuesMap": [
            {
              "property": "Color",
              "value": "%Palette.TextMainColorInverted%"
            },
            {
              "property": "DisabledColor",
              "value": "%Palette.DisabledTextMainColor%"
            },
            {
              "property": "Font",
              "value": "%Palette.TextBodyFontFace%"
            },
            {
              "property": "FontWeight",
              "value": "%Palette.TextBodyFontWeight%"
            },
            {
              "property": "Size",
              "value": "%Palette.TextMiniFontSize%"
            }
          ]
        },
        {
          "controlTemplateName": "label",
          "name": "disabledLabelStyle",
          "propertyValuesMap": [
            {
              "property": "Color",
              "value": "%Palette.ReservedDisabledStatusColor%"
            },
            {
              "property": "DisabledColor",
              "value": "%Palette.DisabledTextMainColor%"
            },
            {
              "property": "Font",
              "value": "%Palette.TextBodyFontFace%"
            },
            {
              "property": "FontWeight",
              "value": "%Palette.TextEmphasisFontWeight%"
            }
          ]
        },
        {
          "controlTemplateName": "label",
          "name": "infoLabelStyle",
          "propertyValuesMap": [
            {
              "property": "Color",
              "value": "%Palette.TextLinkColor%"
            },
            {
              "property": "DisabledColor",
              "value": "%Palette.DisabledTextMainColor%"
            },
            {
              "property": "Font",
              "value": "%Palette.TextBodyFontFace%"
            },
            {
              "property": "FontWeight",
              "value": "%Palette.TextEmphasisFontWeight%"
            }
          ]
        },
        {
          "controlTemplateName": "label",
          "name": "successLabelStyle",
          "propertyValuesMap": [
            {
              "property": "Color",
              "value": "%Palette.ReservedSuccessColor%"
            },
            {
              "property": "DisabledColor",
              "value": "%Palette.DisabledTextMainColor%"
            },
            {
              "property": "Font",
              "value": "%Palette.TextBodyFontFace%"
            },
            {
              "property": "FontWeight",
              "value": "%Palette.TextEmphasisFontWeight%"
            }
          ]
        },
        {
          "controlTemplateName": "label",
          "name": "warningLabelStyle",
          "propertyValuesMap": [
            {
              "property": "Color",
              "value": "%Palette.ReservedWarningColor%"
            },
            {
              "property": "DisabledColor",
              "value": "%Palette.DisabledTextMainColor%"
            },
            {
              "property": "Font",
              "value": "%Palette.TextBodyFontFace%"
            },
            {
              "property": "FontWeight",
              "value": "%Palette.TextEmphasisFontWeight%"
            }
          ]
        },
        {
          "controlTemplateName": "label",
          "name": "errorLabelStyle",
          "propertyValuesMap": [
            {
              "property": "Color",
              "value": "%Palette.ReservedErrorColor%"
            },
            {
              "property": "DisabledColor",
              "value": "%Palette.DisabledTextMainColor%"
            },
            {
              "property": "Font",
              "value": "%Palette.TextBodyFontFace%"
            },
            {
              "property": "FontWeight",
              "value": "%Palette.TextEmphasisFontWeight%"
            }
          ]
        },
        {
          "controlTemplateName": "label",
          "name": "criticalErrorLabelStyle",
          "propertyValuesMap": [
            {
              "property": "Color",
              "value": "%Palette.ReservedCriticalErrorColor%"
            },
            {
              "property": "DisabledColor",
              "value": "%Palette.DisabledTextMainColor%"
            },
            {
              "property": "Font",
              "value": "%Palette.TextBodyFontFace%"
            },
            {
              "property": "FontWeight",
              "value": "%Palette.TextEmphasisFontWeight%"
            }
          ]
        },
        {
          "controlTemplateName": "toggleSwitch",
          "name": "defaultToggleSwitchStyle",
          "propertyValuesMap": [
            {
              "property": "BorderColor",
              "value": "%Palette.InputBorderColor%"
            },
            {
              "property": "BorderStyle",
              "value": "%BorderStyle.RESERVED%.Solid"
            },
            {
              "property": "HandleFill",
              "value": "%Palette.HandleBkgColor%"
            },
            {
              "property": "TrueFill",
              "value": "%Palette.PrimaryColor1%"
            },
            {
              "property": "FalseFill",
              "value": "%Palette.RailBkgColor%"
            }
          ]
        },
        {
          "controlTemplateName": "rating",
          "name": "defaultRatingStyle",
          "propertyValuesMap": [
            {
              "property": "BorderColor",
              "value": "%Palette.InputBorderColor%"
            },
            {
              "property": "RatingFill",
              "value": "%Palette.PrimaryColor1%"
            },
            {
              "property": "DisabledBorderColor",
              "value": "%Palette.DisabledBorderColor%"
            }
          ]
        },
        {
          "controlTemplateName": "checkbox",
          "name": "defaultCheckboxStyle",
          "propertyValuesMap": [
            {
              "property": "Color",
              "value": "%Palette.TextMainColor%"
            },
            {
              "property": "CheckboxBackgroundFill",
              "value": "%Palette.InnerCircleBkgColor%"
            },
            {
              "property": "CheckboxBorderColor",
              "value": "%Palette.InputBorderColor%"
            },
            {
              "property": "CheckmarkFill",
              "value": "%Palette.PrimaryColor1%"
            },
            {
              "property": "HoverColor",
              "value": "%Palette.PrimaryColor1%"
            },
            {
              "property": "Font",
              "value": "%Palette.TextBodyFontFace%"
            },
            {
              "property": "FontWeight",
              "value": "%Palette.TextBodyFontWeight%"
            },
            {
              "property": "Size",
              "value": "%Palette.TextBodyFontSize%"
            }
          ]
        },
        {
          "controlTemplateName": "radio",
          "name": "defaultRadioStyle",
          "propertyValuesMap": [
            {
              "property": "Color",
              "value": "%Palette.TextMainColor%"
            },
            {
              "property": "Font",
              "value": "%Palette.TextBodyFontFace%"
            },
            {
              "property": "FontWeight",
              "value": "%Palette.TextBodyFontWeight%"
            },
            {
              "property": "HoverColor",
              "value": "%Palette.PrimaryColor1%"
            },
            {
              "property": "BorderColor",
              "value": "%Palette.InputBorderColor%"
            },
            {
              "property": "RadioBackgroundFill",
              "value": "%Palette.InnerCircleBkgColor%"
            },
            {
              "property": "RadioBorderColor",
              "value": "%Palette.InputBorderColor%"
            },
            {
              "property": "RadioSelectionFill",
              "value": "%Palette.PrimaryColor1%"
            },
            {
              "property": "Size",
              "value": "%Palette.TextBodyFontSize%"
            }
          ]
        },
        {
          "controlTemplateName": "listbox",
          "name": "defaultListboxStyle",
          "propertyValuesMap": [
            {
              "property": "Color",
              "value": "%Palette.InputTextColor%"
            },
            {
              "property": "BorderColor",
              "value": "%Palette.InputBorderColor%"
            },
            {
              "property": "BorderStyle",
              "value": "%BorderStyle.RESERVED%.Solid"
            },
            {
              "property": "BorderThickness",
              "value": "%Palette.InputBorderThickness%"
            },
            {
              "property": "FocusedBorderThickness",
              "value": "%Palette.InputFocusedBorderThickness%"
            },
            {
              "property": "DisabledBorderColor",
              "value": "%Palette.DisabledBorderColor%"
            },
            {
              "property": "DisabledSelectionColor",
              "value": "%Palette.DisabledInputBkgColor%"
            },
            {
              "property": "DisabledSelectionFill",
              "value": "%Palette.DisabledTextMainColor%"
            },
            {
              "property": "Fill",
              "value": "%Palette.InputBkgColor%"
            },
            {
              "property": "Font",
              "value": "%Palette.TextBodyFontFace%"
            },
            {
              "property": "FontWeight",
              "value": "%Palette.TextBodyFontWeight%"
            },
            {
              "property": "HoverColor",
              "value": "%Palette.InputTextColor%"
            },
            {
              "property": "HoverFill",
              "value": "%Palette.HoverInputBkgColor%"
            },
            {
              "property": "PressedColor",
              "value": "%Palette.TextMainColorInverted%"
            },
            {
              "property": "PressedFill",
              "value": "%Palette.PrimaryColor2%"
            },
            {
              "property": "SelectionColor",
              "value": "%Palette.TextMainColorInverted%"
            },
            {
              "property": "SelectionFill",
              "value": "%Palette.PrimaryColor1%"
            },
            {
              "property": "Size",
              "value": "%Palette.TextBodyFontSize%"
            }
          ]
        },
        {
          "controlTemplateName": "dropdown",
          "name": "defaultDropdownStyle",
          "propertyValuesMap": [
            {
              "property": "BorderColor",
              "value": "%Palette.InputBorderColor%"
            },
            {
              "property": "BorderStyle",
              "value": "%BorderStyle.RESERVED%.Solid"
            },
            {
              "property": "BorderThickness",
              "value": "%Palette.InputBorderThickness%"
            },
            {
              "property": "FocusedBorderThickness",
              "value": "%Palette.InputFocusedBorderThickness%"
            },
            {
              "property": "Color",
              "value": "%Palette.InputTextColor%"
            },
            {
              "property": "ChevronBackground",
              "value": "%Palette.PrimaryColor1%"
            },
            {
              "property": "ChevronFill",
              "value": "%Palette.InnerCircleBkgColor%"
            },
            {
              "property": "ChevronHoverBackground",
              "value": "%Palette.PrimaryColor2%"
            },
            {
              "property": "ChevronHoverFill",
              "value": "%Palette.InnerCircleBkgColor%"
            },
            {
              "property": "ChevronDisabledBackground",
              "value": "%Palette.DisabledBorderColor%"
            },
            {
              "property": "ChevronDisabledFill",
              "value": "%Palette.DisabledTextMainColor%"
            },
            {
              "property": "DisabledBorderColor",
              "value": "%Palette.DisabledBorderColor%"
            },
            {
              "property": "DisabledColor",
              "value": "%Palette.DisabledTextMainColor%"
            },
            {
              "property": "DisabledFill",
              "value": "%Palette.DisabledInputBkgColor%"
            },
            {
              "property": "Fill",
              "value": "%Palette.InputBkgColor%"
            },
            {
              "property": "Font",
              "value": "%Palette.TextBodyFontFace%"
            },
            {
              "property": "FontWeight",
              "value": "%Palette.TextBodyFontWeight%"
            },
            {
              "property": "HoverColor",
              "value": "%Palette.InputTextColor%"
            },
            {
              "property": "HoverFill",
              "value": "%Palette.HoverInputBkgColor%"
            },
            {
              "property": "Size",
              "value": "%Palette.TextBodyFontSize%"
            },
            {
              "property": "PressedColor",
              "value": "%Palette.TextMainColorInverted%"
            },
            {
              "property": "PressedFill",
              "value": "%Palette.PrimaryColor2%"
            },
            {
              "property": "SelectionColor",
              "value": "%Palette.TextMainColorInverted%"
            },
            {
              "property": "SelectionFill",
              "value": "%Palette.PrimaryColor1%"
            }
          ]
        },
        {
          "controlTemplateName": "datepicker",
          "name": "defaultDatePickerStyle",
          "propertyValuesMap": [
            {
              "property": "BorderColor",
              "value": "%Palette.InputBorderColor%"
            },
            {
              "property": "BorderStyle",
              "value": "%BorderStyle.RESERVED%.Solid"
            },
            {
              "property": "BorderThickness",
              "value": "%Palette.InputBorderThickness%"
            },
            {
              "property": "FocusedBorderThickness",
              "value": "%Palette.InputFocusedBorderThickness%"
            },
            {
              "property": "Color",
              "value": "%Palette.InputTextColor%"
            },
            {
              "property": "DisabledBorderColor",
              "value": "%Palette.DisabledBorderColor%"
            },
            {
              "property": "DisabledColor",
              "value": "%Palette.DisabledTextMainColor%"
            },
            {
              "property": "DisabledFill",
              "value": "%Palette.DisabledInputBkgColor%"
            },
            {
              "property": "Fill",
              "value": "%Palette.InputBkgColor%"
            },
            {
              "property": "Font",
              "value": "%Palette.TextBodyFontFace%"
            },
            {
              "property": "FontWeight",
              "value": "%Palette.TextBodyFontWeight%"
            },
            {
              "property": "IconFill",
              "value": "%Palette.InnerCircleBkgColor%"
            },
            {
              "property": "SelectedDateFill",
              "value": "%Palette.PrimaryColor1%"
            },
            {
              "property": "HoverDateFill",
              "value": "%Palette.PrimaryColor3%"
            },
            {
              "property": "CalendarHeaderFill",
              "value": "%Palette.PrimaryColor2%"
            }
          ]
        },
        {
          "controlTemplateName": "lookup",
          "name": "defaultLookupStyle",
          "propertyValuesMap": [
            {
              "property": "BorderColor",
              "value": "%Palette.InputBorderColor%"
            },
            {
              "property": "BorderStyle",
              "value": "%BorderStyle.RESERVED%.Solid"
            },
            {
              "property": "BorderThickness",
              "value": "%Palette.InputBorderThickness%"
            },
            {
              "property": "FocusedBorderThickness",
              "value": "%Palette.InputFocusedBorderThickness%"
            },
            {
              "property": "Color",
              "value": "%Palette.InputTextColor%"
            },
            {
              "property": "ChevronBackground",
              "value": "%Palette.PrimaryColor1%"
            },
            {
              "property": "ChevronFill",
              "value": "%Palette.InnerCircleBkgColor%"
            },
            {
              "property": "ChevronHoverBackground",
              "value": "%Palette.PrimaryColor2%"
            },
            {
              "property": "ChevronHoverFill",
              "value": "%Palette.InnerCircleBkgColor%"
            },
            {
              "property": "ChevronDisabledBackground",
              "value": "%Palette.DisabledBorderColor%"
            },
            {
              "property": "ChevronDisabledFill",
              "value": "%Palette.DisabledTextMainColor%"
            },
            {
              "property": "DisabledBorderColor",
              "value": "%Palette.DisabledBorderColor%"
            },
            {
              "property": "DisabledColor",
              "value": "%Palette.DisabledTextMainColor%"
            },
            {
              "property": "DisabledFill",
              "value": "%Palette.DisabledInputBkgColor%"
            },
            {
              "property": "Fill",
              "value": "%Palette.InputBkgColor%"
            },
            {
              "property": "Font",
              "value": "%Palette.TextBodyFontFace%"
            },
            {
              "property": "FontWeight",
              "value": "%Palette.TextBodyFontWeight%"
            },
            {
              "property": "HoverColor",
              "value": "%Palette.InputTextColor%"
            },
            {
              "property": "HoverFill",
              "value": "%Palette.HoverInputBkgColor%"
            },
            {
              "property": "Size",
              "value": "%Palette.TextBodyFontSize%"
            },
            {
              "property": "PressedColor",
              "value": "%Palette.TextMainColorInverted%"
            },
            {
              "property": "PressedFill",
              "value": "%Palette.PrimaryColor2%"
            },
            {
              "property": "SelectionColor",
              "value": "%Palette.TextMainColorInverted%"
            },
            {
              "property": "SelectionFill",
              "value": "%Palette.PrimaryColor1%"
            },
            {
              "property": "FooterSize",
              "value": "%Palette.TextFooterFontSize%"
            }
          ]
        },
        {
          "controlTemplateName": "text",
          "name": "defaultTextStyle",
          "propertyValuesMap": [
            {
              "property": "Color",
              "value": "%Palette.InputTextColor%"
            },
            {
              "property": "BorderColor",
              "value": "%Palette.InputBorderColor%"
            },
            {
              "property": "BorderStyle",
              "value": "%BorderStyle.RESERVED%.Solid"
            },
            {
              "property": "BorderThickness",
              "value": "%Palette.InputBorderThickness%"
            },
            {
              "property": "FocusedBorderThickness",
              "value": "%Palette.InputFocusedBorderThickness%"
            },
            {
              "property": "HoverBorderColor",
              "value": "%Palette.InputBorderColor%"
            },
            {
              "property": "HoverColor",
              "value": "%Palette.InputTextColor%"
            },
            {
              "property": "HoverFill",
              "value": "%Palette.HoverInputBkgColor%"
            },
            {
              "property": "Fill",
              "value": "%Palette.InputBkgColor%"
            },
            {
              "property": "Font",
              "value": "%Palette.TextBodyFontFace%"
            },
            {
              "property": "FontWeight",
              "value": "%Palette.TextBodyFontWeight%"
            },
            {
              "property": "DisabledBorderColor",
              "value": "%Palette.DisabledBorderColor%"
            },
            {
              "property": "DisabledColor",
              "value": "%Palette.DisabledTextMainColor%"
            },
            {
              "property": "DisabledFill",
              "value": "%Palette.DisabledInputBkgColor%"
            },
            {
              "property": "Size",
              "value": "%Palette.TextBodyFontSize%"
            }
          ]
        },
        {
          "controlTemplateName": "text",
          "name": "searchTextStyle",
          "propertyValuesMap": [
            {
              "property": "Color",
              "value": "%Palette.InputTextColor%"
            },
            {
              "property": "BorderColor",
              "value": "%Palette.InputBorderColor%"
            },
            {
              "property": "BorderStyle",
              "value": "%BorderStyle.RESERVED%.None"
            },
            {
              "property": "BorderThickness",
              "value": "%Palette.InputBorderThickness%"
            },
            {
              "property": "FocusedBorderThickness",
              "value": "%Palette.InputFocusedBorderThickness%"
            },
            {
              "property": "HoverBorderColor",
              "value": "%Palette.InputBorderColor%"
            },
            {
              "property": "HoverColor",
              "value": "%Palette.InputTextColor%"
            },
            {
              "property": "HoverFill",
              "value": "%Palette.HoverInputBkgColor%"
            },
            {
              "property": "Fill",
              "value": "%Palette.InputBkgColor%"
            },
            {
              "property": "Font",
              "value": "%Palette.TextBodyFontFace%"
            },
            {
              "property": "FontWeight",
              "value": "%Palette.TextBodyFontWeight%"
            },
            {
              "property": "DisabledBorderColor",
              "value": "%Palette.DisabledBorderColor%"
            },
            {
              "property": "DisabledColor",
              "value": "%Palette.DisabledTextMainColor%"
            },
            {
              "property": "DisabledFill",
              "value": "%Palette.DisabledInputBkgColor%"
            },
            {
              "property": "Size",
              "value": "%Palette.TextBodyFontSize%"
            }
          ]
        },
        {
          "controlTemplateName": "slider",
          "name": "defaultSliderStyle",
          "propertyValuesMap": [
            {
              "property": "BorderColor",
              "value": "%Palette.InputBorderColor%"
            },
            {
              "property": "BorderStyle",
              "value": "%BorderStyle.RESERVED%.Solid"
            },
            {
              "property": "DisabledBorderColor",
              "value": "%Palette.DisabledBorderColor%"
            },
            {
              "property": "HandleFill",
              "value": "%Palette.HandleBkgColor%"
            },
            {
              "property": "RailFill",
              "value": "%Palette.RailBkgColor%"
            },
            {
              "property": "ValueFill",
              "value": "%Palette.PrimaryColor1%"
            }
          ]
        },
        {
          "controlTemplateName": "button",
          "name": "defaultButtonStyle",
          "propertyValuesMap": [
            {
              "property": "Color",
              "value": "%Palette.TextMainColorInverted%"
            },
            {
              "property": "Fill",
              "value": "%Palette.PrimaryColor1%"
            },
            {
              "property": "Font",
              "value": "%Palette.TextBodyFontFace%"
            },
            {
              "property": "FontWeight",
              "value": "%Palette.TextEmphasisFontWeight%"
            },
            {
              "property": "DisabledColor",
              "value": "%Palette.DisabledTextMainColor%"
            },
            {
              "property": "DisabledFill",
              "value": "%Palette.DisabledInputBkgColor%"
            },
            {
              "property": "Size",
              "value": "%Palette.TextEmphasisFontSize%"
            }
          ]
        },
        {
          "controlTemplateName": "button",
          "name": "cancelButtonStyle",
          "propertyValuesMap": [
            {
              "property": "Color",
              "value": "%Palette.PrimaryColor1%"
            },
            {
              "property": "DisabledColor",
              "value": "%Palette.DisabledTextMainColor%"
            },
            {
              "property": "DisabledFill",
              "value": "%Palette.DisabledInputBkgColor%"
            },
            {
              "property": "Fill",
              "value": "%Palette.PrimaryColor3%"
            },
            {
              "property": "Font",
              "value": "%Palette.TextBodyFontFace%"
            },
            {
              "property": "FontWeight",
              "value": "%Palette.TextEmphasisFontWeight%"
            },
            {
              "property": "Size",
              "value": "%Palette.TextEmphasisFontSize%"
            }
          ]
        },
        {
          "controlTemplateName": "button",
          "name": "rezervedOkButtonStyle",
          "propertyValuesMap": [
            {
              "property": "Color",
              "value": "%Palette.ReservedWhiteColor%"
            },
            {
              "property": "DisabledColor",
              "value": "%Palette.DisabledTextMainColor%"
            },
            {
              "property": "DisabledFill",
              "value": "%Palette.DisabledInputBkgColor%"
            },
            {
              "property": "Fill",
              "value": "%Palette.ReservedInfoColor%"
            },
            {
              "property": "Font",
              "value": "%Palette.TextBodyFontFace%"
            },
            {
              "property": "FontWeight",
              "value": "%Palette.TextEmphasisFontWeight%"
            },
            {
              "property": "Size",
              "value": "%Palette.TextEmphasisFontSize%"
            }
          ]
        },
        {
          "controlTemplateName": "button",
          "name": "rezervedCancelButtonStyle",
          "propertyValuesMap": [
            {
              "property": "Color",
              "value": "%Palette.ReservedInfoColor%"
            },
            {
              "property": "DisabledColor",
              "value": "%Palette.DisabledTextMainColor%"
            },
            {
              "property": "DisabledFill",
              "value": "%Palette.DisabledInputBkgColor%"
            },
            {
              "property": "Fill",
              "value": "%Palette.ReservedWhiteColor%"
            },
            {
              "property": "Font",
              "value": "%Palette.TextBodyFontFace%"
            },
            {
              "property": "FontWeight",
              "value": "%Palette.TextEmphasisFontWeight%"
            },
            {
              "property": "Size",
              "value": "%Palette.TextEmphasisFontSize%"
            }
          ]
        },
        {
          "controlTemplateName": "lineChart",
          "name": "defaultLineChartStyle",
          "propertyValuesMap": [
            {
              "property": "DisabledBorderColor",
              "value": "%Palette.DisabledBorderColor%"
            },
            {
              "property": "ItemColorSet",
              "value": "%Palette.ReservedChartColorSet%"
            },
            {
              "property": "Color",
              "value": "%Palette.TextMainColor%"
            }
          ]
        },
        {
          "controlTemplateName": "lineChart",
          "name": "monochromeAccentLineChartStyle",
          "propertyValuesMap": [
            {
              "property": "DisabledBorderColor",
              "value": "%Palette.DisabledBorderColor%"
            },
            {
              "property": "ItemColorSet",
              "value": "[%Palette.PrimaryColor1%]"
            },
            {
              "property": "Color",
              "value": "%Palette.TextMainColor%"
            }
          ]
        },
        {
          "controlTemplateName": "pieChart",
          "name": "defaultPieChartStyle",
          "propertyValuesMap": [
            {
              "property": "DisabledBorderColor",
              "value": "%Palette.DisabledBorderColor%"
            },
            {
              "property": "ItemColorSet",
              "value": "%Palette.ReservedChartColorSet%"
            },
            {
              "property": "Color",
              "value": "%Palette.TextMainColor%"
            }
          ]
        },
        {
          "controlTemplateName": "pieChart",
          "name": "monochromeAccentPieChartStyle",
          "propertyValuesMap": [
            {
              "property": "DisabledBorderColor",
              "value": "%Palette.DisabledBorderColor%"
            },
            {
              "property": "ItemColorSet",
              "value": "[%Palette.PrimaryColor1%]"
            },
            {
              "property": "Color",
              "value": "%Palette.TextMainColor%"
            }
          ]
        },
        {
          "controlTemplateName": "barChart",
          "name": "defaultBarChartStyle",
          "propertyValuesMap": [
            {
              "property": "DisabledBorderColor",
              "value": "%Palette.DisabledBorderColor%"
            },
            {
              "property": "ItemColorSet",
              "value": "%Palette.ReservedChartColorSet%"
            },
            {
              "property": "Color",
              "value": "%Palette.TextMainColor%"
            }
          ]
        },
        {
          "controlTemplateName": "barChart",
          "name": "monochromeAccentBarChartStyle",
          "propertyValuesMap": [
            {
              "property": "DisabledBorderColor",
              "value": "%Palette.DisabledBorderColor%"
            },
            {
              "property": "ItemColorSet",
              "value": "[%Palette.PrimaryColor1%]"
            },
            {
              "property": "Color",
              "value": "%Palette.TextMainColor%"
            }
          ]
        },
        {
          "controlTemplateName": "legend",
          "name": "defaultLegendStyle",
          "propertyValuesMap": [
            {
              "property": "DisabledColor",
              "value": "%Palette.DisabledTextMainColor%"
            },
            {
              "property": "Color",
              "value": "%Palette.TextMainColor%"
            },
            {
              "property": "Font",
              "value": "%Palette.TextBodyFontFace%"
            },
            {
              "property": "FontWeight",
              "value": "%Palette.TextBodyFontWeight%"
            },
            {
              "property": "Size",
              "value": "%Palette.TextFooterFontSize%"
            }
          ]
        },
        {
          "controlTemplateName": "rectangle",
          "name": "separatorShapeStyle",
          "propertyValuesMap": [
            {
              "property": "Fill",
              "value": "%Palette.PrimaryColor3%"
            },
            {
              "property": "BorderColor",
              "value": "%Palette.InputBorderColor%"
            }
          ]
        },
        {
          "controlTemplateName": "videoPlayback",
          "name": "defaultVideoPlaybackStyle",
          "propertyValuesMap": [
            {
              "property": "Fill",
              "value": "%Palette.PrimaryColor1%"
            }
          ]
        },
        {
          "controlTemplateName": "timer",
          "name": "defaultTimerStyle",
          "propertyValuesMap": [
            {
              "property": "Color",
              "value": "%Palette.TextMainColorInverted%"
            },
            {
              "property": "Fill",
              "value": "%Palette.PrimaryColor1%"
            },
            {
              "property": "Font",
              "value": "%Palette.TextBodyFontFace%"
            },
            {
              "property": "FontWeight",
              "value": "%Palette.TextBodyFontWeight%"
            }
          ]
        },
        {
          "controlTemplateName": "triangle",
          "name": "defaultTriangleStyle",
          "propertyValuesMap": [
            {
              "property": "Fill",
              "value": "%Palette.PrimaryColor1%"
            },
            {
              "property": "BorderColor",
              "value": "%Palette.InputBorderColor%"
            }
          ]
        },
        {
          "controlTemplateName": "star",
          "name": "defaultStarStyle",
          "propertyValuesMap": [
            {
              "property": "Fill",
              "value": "%Palette.PrimaryColor1%"
            },
            {
              "property": "BorderColor",
              "value": "%Palette.InputBorderColor%"
            }
          ]
        },
        {
          "controlTemplateName": "pentagon",
          "name": "defaultPentagonStyle",
          "propertyValuesMap": [
            {
              "property": "Fill",
              "value": "%Palette.PrimaryColor1%"
            },
            {
              "property": "BorderColor",
              "value": "%Palette.InputBorderColor%"
            }
          ]
        },
        {
          "controlTemplateName": "partialCircle",
          "name": "defaultPartialCircleStyle",
          "propertyValuesMap": [
            {
              "property": "Fill",
              "value": "%Palette.PrimaryColor1%"
            },
            {
              "property": "BorderColor",
              "value": "%Palette.InputBorderColor%"
            }
          ]
        },
        {
          "controlTemplateName": "octagon",
          "name": "defaultOctagonStyle",
          "propertyValuesMap": [
            {
              "property": "Fill",
              "value": "%Palette.PrimaryColor1%"
            },
            {
              "property": "BorderColor",
              "value": "%Palette.InputBorderColor%"
            }
          ]
        },
        {
          "controlTemplateName": "hexagon",
          "name": "defaultHexagonStyle",
          "propertyValuesMap": [
            {
              "property": "Fill",
              "value": "%Palette.PrimaryColor1%"
            },
            {
              "property": "BorderColor",
              "value": "%Palette.InputBorderColor%"
            }
          ]
        },
        {
          "controlTemplateName": "hexagon",
          "name": "primary2HexagonStyle",
          "propertyValuesMap": [
            {
              "property": "Fill",
              "value": "%Palette.PrimaryColor2%"
            },
            {
              "property": "BorderColor",
              "value": "%Palette.InputBorderColor%"
            }
          ]
        },
        {
          "controlTemplateName": "hexagon",
          "name": "primary3HexagonStyle",
          "propertyValuesMap": [
            {
              "property": "Fill",
              "value": "%Palette.PrimaryColor3%"
            },
            {
              "property": "BorderColor",
              "value": "%Palette.InputBorderColor%"
            }
          ]
        },
        {
          "controlTemplateName": "hexagon",
          "name": "primary3FadeHexagonStyle",
          "propertyValuesMap": [
            {
              "property": "Fill",
              "value": "%Palette.PrimaryColor3Fade%"
            },
            {
              "property": "BorderColor",
              "value": "%Palette.InputBorderColor%"
            }
          ]
        },
        {
          "controlTemplateName": "hexagon",
          "name": "screenHexagonStyle",
          "propertyValuesMap": [
            {
              "property": "Fill",
              "value": "%Palette.ScreenBkgColor%"
            },
            {
              "property": "BorderColor",
              "value": "%Palette.InputBorderColor%"
            }
          ]
        },
        {
          "controlTemplateName": "circle",
          "name": "defaultCircleStyle",
          "propertyValuesMap": [
            {
              "property": "Fill",
              "value": "%Palette.PrimaryColor1%"
            },
            {
              "property": "BorderColor",
              "value": "%Palette.InputBorderColor%"
            }
          ]
        },
        {
          "controlTemplateName": "circle",
          "name": "primary2CircleStyle",
          "propertyValuesMap": [
            {
              "property": "Fill",
              "value": "%Palette.PrimaryColor2%"
            },
            {
              "property": "BorderColor",
              "value": "%Palette.InputBorderColor%"
            }
          ]
        },
        {
          "controlTemplateName": "circle",
          "name": "primary3CircleStyle",
          "propertyValuesMap": [
            {
              "property": "Fill",
              "value": "%Palette.PrimaryColor3%"
            },
            {
              "property": "BorderColor",
              "value": "%Palette.InputBorderColor%"
            }
          ]
        },
        {
          "controlTemplateName": "circle",
          "name": "primary3FadeCircleStyle",
          "propertyValuesMap": [
            {
              "property": "Fill",
              "value": "%Palette.PrimaryColor3Fade%"
            },
            {
              "property": "BorderColor",
              "value": "%Palette.InputBorderColor%"
            }
          ]
        },
        {
          "controlTemplateName": "arrow",
          "name": "defaultArrowStyle",
          "propertyValuesMap": [
            {
              "property": "Fill",
              "value": "%Palette.PrimaryColor1%"
            },
            {
              "property": "BorderColor",
              "value": "%Palette.InputBorderColor%"
            },
            {
              "property": "DisabledBorderColor",
              "value": "%Palette.DisabledBorderColor%"
            }
          ]
        },
        {
          "controlTemplateName": "icon",
          "name": "defaultIconStyle",
          "propertyValuesMap": [
            {
              "property": "Color",
              "value": "%Palette.PrimaryColor2%"
            },
            {
              "property": "DisabledColor",
              "value": "%Palette.DisabledButtonBkgColor%"
            },
            {
              "property": "BorderColor",
              "value": "%Palette.InputBorderColor%"
            },
            {
              "property": "DisabledBorderColor",
              "value": "%Palette.DisabledBorderColor%"
            }
          ]
        },
        {
          "controlTemplateName": "icon",
          "name": "primary1IconStyle",
          "propertyValuesMap": [
            {
              "property": "Color",
              "value": "%Palette.PrimaryColor1%"
            },
            {
              "property": "DisabledColor",
              "value": "%Palette.DisabledButtonBkgColor%"
            },
            {
              "property": "BorderColor",
              "value": "%Palette.InputBorderColor%"
            },
            {
              "property": "DisabledBorderColor",
              "value": "%Palette.DisabledBorderColor%"
            }
          ]
        },
        {
          "controlTemplateName": "icon",
          "name": "primary3IconStyle",
          "propertyValuesMap": [
            {
              "property": "Color",
              "value": "%Palette.PrimaryColor3%"
            },
            {
              "property": "DisabledColor",
              "value": "%Palette.DisabledButtonBkgColor%"
            },
            {
              "property": "BorderColor",
              "value": "%Palette.InputBorderColor%"
            },
            {
              "property": "DisabledBorderColor",
              "value": "%Palette.DisabledBorderColor%"
            }
          ]
        },
        {
          "controlTemplateName": "icon",
          "name": "invertedBkgHeaderIconStyle",
          "propertyValuesMap": [
            {
              "property": "Color",
              "value": "%Palette.IconFillColorInverted%"
            },
            {
              "property": "PressedFill",
              "value": "%Palette.IconPressedFillColorInverted%"
            },
            {
              "property": "DisabledColor",
              "value": "%Palette.DisabledButtonBkgColor%"
            },
            {
              "property": "BorderColor",
              "value": "%Palette.InputBorderColor%"
            },
            {
              "property": "DisabledBorderColor",
              "value": "%Palette.DisabledBorderColor%"
            }
          ]
        },
        {
          "controlTemplateName": "microphone",
          "name": "defaultMicrophoneStyle",
          "propertyValuesMap": [
            {
              "property": "Color",
              "value": "%Palette.PrimaryColor3%"
            },
            {
              "property": "Fill",
              "value": "%Palette.PrimaryColor1%"
            }
          ]
        },
        {
          "controlTemplateName": "inkcontrol",
          "name": "defaultInkControlStyle",
          "propertyValuesMap": [
            {
              "property": "Color",
              "value": "%Palette.TextMainColor%"
            },
            {
              "property": "BorderColor",
              "value": "%Palette.InputBorderColor%"
            }
          ]
        },
        {
          "controlTemplateName": "import",
          "name": "defaultImportStyle",
          "propertyValuesMap": [
            {
              "property": "Color",
              "value": "%Palette.TextMainColorInverted%"
            },
            {
              "property": "Fill",
              "value": "%Palette.PrimaryColor1%"
            },
            {
              "property": "Font",
              "value": "%Palette.TextBodyFontFace%"
            },
            {
              "property": "FontWeight",
              "value": "%Palette.TextEmphasisFontWeight%"
            },
            {
              "property": "DisabledColor",
              "value": "%Palette.DisabledTextMainColor%"
            },
            {
              "property": "DisabledFill",
              "value": "%Palette.DisabledInputBkgColor%"
            },
            {
              "property": "Size",
              "value": "%Palette.TextEmphasisFontSize%"
            }
          ]
        },
        {
          "controlTemplateName": "image",
          "name": "defaultImageStyle",
          "propertyValuesMap": [
            {
              "property": "BorderColor",
              "value": "%Palette.InputBorderColor%"
            },
            {
              "property": "DisabledBorderColor",
              "value": "%Palette.DisabledBorderColor%"
            },
            {
              "property": "DisabledFill",
              "value": "%Palette.DisabledButtonBkgColor%"
            }
          ]
        },
        {
          "controlTemplateName": "htmlviewer",
          "name": "defaultHtmlViewerStyle",
          "propertyValuesMap": [
            {
              "property": "DisabledBorderColor",
              "value": "%Palette.DisabledBorderColor%"
            },
            {
              "property": "Font",
              "value": "%Palette.TextBodyFontFace%"
            },
            {
              "property": "Size",
              "value": "%Palette.TextBodyFontSize%"
            }
          ]
        },
        {
          "controlTemplateName": "htmlviewer",
          "name": "typedDataCardHtmlViewerStyle",
          "propertyValuesMap": [
            {
              "property": "DisabledBorderColor",
              "value": "%Palette.DisabledBorderColor%"
            },
            {
              "property": "Font",
              "value": "%Palette.TextBodyFontFace%"
            },
            {
              "property": "Size",
              "value": "%Palette.TextBodyFontSize%"
            },
            {
              "property": "Color",
              "value": "%Palette.TextLinkColor%"
            }
          ]
        },
        {
          "controlTemplateName": "export",
          "name": "defaultExportStyle",
          "propertyValuesMap": [
            {
              "property": "Color",
              "value": "%Palette.TextMainColorInverted%"
            },
            {
              "property": "Fill",
              "value": "%Palette.PrimaryColor1%"
            },
            {
              "property": "Font",
              "value": "%Palette.TextBodyFontFace%"
            },
            {
              "property": "FontWeight",
              "value": "%Palette.TextEmphasisFontWeight%"
            },
            {
              "property": "DisabledColor",
              "value": "%Palette.DisabledTextMainColor%"
            },
            {
              "property": "DisabledFill",
              "value": "%Palette.DisabledInputBkgColor%"
            },
            {
              "property": "Size",
              "value": "%Palette.TextEmphasisFontSize%"
            }
          ]
        },
        {
          "controlTemplateName": "addMedia",
          "name": "defaultAddMediaStyle",
          "propertyValuesMap": [
            {
              "property": "Color",
              "value": "%Palette.InputTextColor%"
            },
            {
              "property": "Fill",
              "value": "%Palette.InputBkgColor%"
            }
          ]
        },
        {
          "controlTemplateName": "audioplayback",
          "name": "defaultAudioPlaybackStyle",
          "propertyValuesMap": [
            {
              "property": "Fill",
              "value": "%Palette.PrimaryColor1%"
            }
          ]
        },
        {
          "controlTemplateName": "rectangle",
          "name": "defaultRectangleStyle",
          "propertyValuesMap": [
            {
              "property": "Fill",
              "value": "%Palette.PrimaryColor1%"
            },
            {
              "property": "BorderColor",
              "value": "%Palette.InputBorderColor%"
            }
          ]
        },
        {
          "controlTemplateName": "rectangle",
          "name": "primary2RectangleStyle",
          "propertyValuesMap": [
            {
              "property": "Fill",
              "value": "%Palette.PrimaryColor2%"
            },
            {
              "property": "BorderColor",
              "value": "%Palette.InputBorderColor%"
            }
          ]
        },
        {
          "controlTemplateName": "rectangle",
          "name": "primary3RectangleStyle",
          "propertyValuesMap": [
            {
              "property": "Fill",
              "value": "%Palette.PrimaryColor3%"
            },
            {
              "property": "BorderColor",
              "value": "%Palette.InputBorderColor%"
            }
          ]
        },
        {
          "controlTemplateName": "rectangle",
          "name": "primary3FadeRectangleStyle",
          "propertyValuesMap": [
            {
              "property": "Fill",
              "value": "%Palette.PrimaryColor3Fade%"
            },
            {
              "property": "BorderColor",
              "value": "%Palette.InputBorderColor%"
            }
          ]
        },
        {
          "controlTemplateName": "rectangle",
          "name": "invertedBackgroundRectangleStyle",
          "propertyValuesMap": [
            {
              "property": "Fill",
              "value": "%Palette.InvertedBkgColor%"
            },
            {
              "property": "BorderColor",
              "value": "%Palette.InputBorderColor%"
            }
          ]
        },
        {
          "controlTemplateName": "rectangle",
          "name": "overlayRectangleStyle",
          "propertyValuesMap": [
            {
              "property": "Fill",
              "value": "%Palette.OverlayBkgColor%"
            },
            {
              "property": "BorderColor",
              "value": "%Palette.InputBorderColor%"
            }
          ]
        },
        {
          "controlTemplateName": "typedDataCard",
          "name": "defaultTypedDataCardStyle",
          "propertyValuesMap": [
            {
              "property": "BorderColor",
              "value": "%Palette.InputBorderColor%"
            }
          ]
        },
        {
          "controlTemplateName": "entityForm",
          "name": "defaultEntityFormStyle",
          "propertyValuesMap": [
            {
              "property": "TextColor",
              "value": "%Palette.TextMainColor%"
            },
            {
              "property": "InputTextColor",
              "value": "%Palette.InputTextColor%"
            },
            {
              "property": "DisabledTextColor",
              "value": "%Palette.DisabledTextMainColor%"
            },
            {
              "property": "Fill",
              "value": "%Palette.ScreenBkgColor%"
            },
            {
              "property": "PrimaryColor1",
              "value": "%Palette.PrimaryColor1%"
            },
            {
              "property": "PrimaryColor2",
              "value": "%Palette.PrimaryColor2%"
            },
            {
              "property": "PrimaryColor3",
              "value": "%Palette.PrimaryColor3%"
            },
            {
              "property": "BorderColor",
              "value": "%Palette.InputBorderColor%"
            },
            {
              "property": "InputBackgroundColor",
              "value": "%Palette.InputBkgColor%"
            }
          ]
        },
        {
          "controlTemplateName": "dataGrid",
          "name": "defaultDataGridStyle",
          "propertyValuesMap": [
            {
              "property": "LinkColor",
              "value": "%Palette.TextLinkColor%"
            },
            {
              "property": "PrimaryColor1",
              "value": "%Palette.PrimaryColor1%"
            },
            {
              "property": "PrimaryColor2",
              "value": "%Palette.PrimaryColor2%"
            },
            {
              "property": "PrimaryColor3",
              "value": "%Palette.PrimaryColor3%"
            },
            {
              "property": "Color",
              "value": "%Palette.TextMainColor%"
            },
            {
              "property": "InvertedColor",
              "value": "%Palette.TextMainColorInverted%"
            },
            {
              "property": "DisabledColor",
              "value": "%Palette.DisabledTextMainColor%"
            },
            {
              "property": "Fill",
              "value": "%Palette.ScreenBkgColor%"
            },
            {
              "property": "SelectedFill",
              "value": "%Palette.PrimaryColor2Light%"
            },
            {
              "property": "SelectedColor",
              "value": "%Palette.TextMainColor%"
            },
            {
              "property": "HoverFill",
              "value": "%Palette.PrimaryColor3Light%"
            },
            {
              "property": "HoverColor",
              "value": "%Palette.TextMainColor%"
            },
            {
              "property": "BorderColor",
              "value": "%Palette.InputBorderColor%"
            },
            {
              "property": "InputFill",
              "value": "%Palette.InputBkgColor%"
            },
            {
              "property": "Font",
              "value": "%Palette.TextBodyFontFace%"
            },
            {
              "property": "FontWeight",
              "value": "%Palette.TextBodyFontWeight%"
            },
            {
              "property": "Size",
              "value": "%Palette.TextBodyFontSize%"
            },
            {
              "property": "HeadingFont",
              "value": "%Palette.TextBodyFontFace%"
            },
            {
              "property": "HeadingFontWeight",
              "value": "%Palette.TextBodyFontWeight%"
            },
            {
              "property": "HeadingSize",
              "value": "%Palette.TextBodyFontSize%"
            },
            {
              "property": "HeadingColor",
              "value": "%Palette.TextMainColorInverted%"
            },
            {
              "property": "HeadingFill",
              "value": "%Palette.PrimaryColor1%"
            }
          ]
        }
      ]
    }
  ]
}