{
  "FormatVersion": "0.24",
  "Header": {
    "DocVersion": "1.313",
    "MinVersionToLoad": "1.313",
    "MSAppStructureVersion": "2.0"
  },
  "Properties": {
    "AppCreationSource": "SampleApp",
    "AppDescription": "Provide accurate, onsite labor and material estimates to your customers. User-defined fields and a custom sample catalog make it easy to deliver quick, custom estimates. This app will open with sample data.",
    "AppPreviewFlagsMap": {
      "aibuilderserviceenrollment": false,
      "autocreateenvironmentvariables": false,
      "backfromhostaction": false,
      "behaviorpropertyui": false,
      "blockmovingcontrol": false,
      "classiccontrols": false,
      "componentauthoring": false,
      "datatablev2control": false,
      "delaycontrolrendering": false,
      "delayloadscreens": true,
      "dynamicschema": false,
      "enableaimodelsindatapane": false,
      "enableappembeddingux": false,
      "enablecdsfileandlargeimage": false,
      "enableexcelonlinebusinessv2connector": false,
      "enableonstart": true,
      "enableonstartnavigate": false,
      "enablepcfmoderndatasets": false,
      "enablerowscopeonetonexpand": false,
      "enablerulespanel": false,
      "enablesummerlandgeospatialfeatures": true,
      "enhanceddelegation": false,
      "enhancedgalleryinitialization": true,
      "enhancedgroupcontrol": true,
      "errorhandling": false,
      "externalmessage": false,
      "formuladataprefetch": false,
      "generatedebugpublishedapp": false,
      "improvedmediacapture": false,
      "keeprecentscreensloaded": false,
      "korenderingstack": false,
      "longlivingcache": false,
      "nativecdsexperimental": false,
      "optimizedforteamsmeeting": false,
      "parallelcodegen": false,
      "projectionmapping": false,
      "reactformulabar": false,
      "reliableconcurrent": true,
      "usedisplaynamemetadata": false,
      "useenforcesavedatalimits": false,
      "useexperimentalcdsconnector": false,
      "useexperimentalsqlconnector": false,
      "useguiddatatypes": false,
      "usenonblockingonstartrule": false,
      "webbarcodescanner": false
    },
    "Author": "",
    "ContainsThirdPartyPcfControls": false,
    "DefaultConnectedDataSourceMaxGetRowsCount": 500,
    "DocumentAppType": "Phone",
    "DocumentLayoutHeight": 1136,
    "DocumentLayoutLockOrientation": true,
    "DocumentLayoutMaintainAspectRatio": true,
    "DocumentLayoutOrientation": "portrait",
    "DocumentLayoutScaleToFit": true,
    "DocumentLayoutWidth": 640,
    "DocumentType": "App",
    "EnableInstrumentation": false,
    "FileID": "50166447-4b5b-4aa4-b563-b93bbf440576",
    "Id": "63e09745-1705-4fa4-bd4f-79dd9ada7d66",
    "InstrumentationKey": "",
    "Name": "My Cost Estimating App",
    "OriginatingVersion": "1.160"
  },
  "PublishInfo": {
    "AppName": "My Cost Estimating App",
    "BackgroundColor": "rgba(12, 193, 169, 1)",
    "IconColor": "RGBA(255,255,255,1)",
    "IconName": "Edit",
    "LogoFileName": "logo.jpg",
    "PublishDataLocally": false,
    "PublishResourcesLocally": false,
    "PublishTarget": "player",
    "UserLocale": "en-US"
  },
  "ScreenOrder": [
    "OpenJobsPage",
    "FilterPage",
    "JobsDetailPage",
    "RoomPage",
    "FlooringDetailPage",
    "CameraPage",
    "PreviewImagePage",
    "ConfirmationPage_1",
    "FinishEstimatePage",
    "ViewImageScreen",
    "ConfirmationPage",
    "NewJobPage",
    "ViewEstimatePage",
    "CloseJobImageScreen",
    "DelOpenEstPage",
    "DelCloseEstPage",
    "FlooringPage"
  ]
}