{
  "appinfo": {
    "CustomGroupControlTemplateName": "",
    "FirstParty": true,
    "Id": "http://microsoft.com/appmagic/appinfo",
    "IsComponentTemplate": false,
    "IsCustomGroupControlTemplate": false,
    "IsPcfControl": false,
    "IsPremiumPcfControl": false,
    "IsWidgetTemplate": false,
    "LastModifiedTimestamp": "0",
    "Name": "appinfo",
    "OverridableProperties": {},
    "Version": "1.0"
  },
  "button": {
    "CustomGroupControlTemplateName": "",
    "FirstParty": true,
    "Id": "http://microsoft.com/appmagic/button",
    "IsComponentTemplate": false,
    "IsCustomGroupControlTemplate": false,
    "IsPcfControl": false,
    "IsPremiumPcfControl": false,
    "IsWidgetTemplate": true,
    "LastModifiedTimestamp": "0",
    "Name": "button",
    "OverridableProperties": {},
    "Version": "2.0.1"
  },
  "camera": {
    "CustomGroupControlTemplateName": "",
    "FirstParty": true,
    "Id": "http://microsoft.com/appmagic/camera",
    "IsComponentTemplate": false,
    "IsCustomGroupControlTemplate": false,
    "IsPcfControl": false,
    "IsPremiumPcfControl": false,
    "IsWidgetTemplate": true,
    "LastModifiedTimestamp": "0",
    "Name": "camera",
    "OverridableProperties": {},
    "Version": "2.3.1"
  },
  "circle": {
    "CustomGroupControlTemplateName": "",
    "FirstParty": true,
    "Id": "http://microsoft.com/appmagic/shapes/circle",
    "IsComponentTemplate": false,
    "IsCustomGroupControlTemplate": false,
    "IsPcfControl": false,
    "IsPremiumPcfControl": false,
    "IsWidgetTemplate": true,
    "LastModifiedTimestamp": "0",
    "Name": "circle",
    "OverridableProperties": {},
    "Version": "2.1.2"
  },
  "gallery": {
    "CustomGroupControlTemplateName": "",
    "FirstParty": true,
    "Id": "http://microsoft.com/appmagic/gallery",
    "IsComponentTemplate": false,
    "IsCustomGroupControlTemplate": false,
    "IsPcfControl": false,
    "IsPremiumPcfControl": false,
    "IsWidgetTemplate": true,
    "LastModifiedTimestamp": "0",
    "Name": "gallery",
    "OverridableProperties": {},
    "Version": "2.11.1"
  },
  "galleryTemplate": {
    "CustomGroupControlTemplateName": "",
    "FirstParty": true,
    "Id": "http://microsoft.com/appmagic/galleryTemplate",
    "IsComponentTemplate": false,
    "IsCustomGroupControlTemplate": false,
    "IsPcfControl": false,
    "IsPremiumPcfControl": false,
    "IsWidgetTemplate": false,
    "LastModifiedTimestamp": "0",
    "Name": "galleryTemplate",
    "OverridableProperties": {},
    "Version": "1.0"
  },
  "group": {
    "CustomGroupControlTemplateName": "",
    "FirstParty": true,
    "Id": "http://microsoft.com/appmagic/group",
    "IsComponentTemplate": false,
    "IsCustomGroupControlTemplate": false,
    "IsPcfControl": false,
    "IsPremiumPcfControl": false,
    "IsWidgetTemplate": false,
    "LastModifiedTimestamp": "0",
    "Name": "group",
    "OverridableProperties": {},
    "Version": "1"
  },
  "groupContainer": {
    "FirstParty": true,
    "Id": "http://microsoft.com/appmagic/groupContainer",
    "IsComponentTemplate": false,
    "IsPcfControl": false,
    "IsWidgetTemplate": false,
    "LastModifiedTimestamp": "0",
    "Name": "groupContainer",
    "Version": "1.0"
  },
  "icon": {
    "CustomGroupControlTemplateName": "",
    "FirstParty": true,
    "Id": "http://microsoft.com/appmagic/icon",
    "IsComponentTemplate": false,
    "IsCustomGroupControlTemplate": false,
    "IsPcfControl": false,
    "IsPremiumPcfControl": false,
    "IsWidgetTemplate": true,
    "LastModifiedTimestamp": "0",
    "Name": "icon",
    "OverridableProperties": {},
    "Version": "2.3.2"
  },
  "image": {
    "CustomGroupControlTemplateName": "",
    "FirstParty": true,
    "Id": "http://microsoft.com/appmagic/image",
    "IsComponentTemplate": false,
    "IsCustomGroupControlTemplate": false,
    "IsPcfControl": false,
    "IsPremiumPcfControl": false,
    "IsWidgetTemplate": true,
    "LastModifiedTimestamp": "0",
    "Name": "image",
    "OverridableProperties": {},
    "Version": "2.1.2"
  },
  "inkControl": {
    "CustomGroupControlTemplateName": "",
    "FirstParty": true,
    "Id": "http://microsoft.com/appmagic/inkControl",
    "IsComponentTemplate": false,
    "IsCustomGroupControlTemplate": false,
    "IsPcfControl": false,
    "IsPremiumPcfControl": false,
    "IsWidgetTemplate": true,
    "LastModifiedTimestamp": "0",
    "Name": "inkControl",
    "OverridableProperties": {},
    "Version": "2.1.1"
  },
  "label": {
    "CustomGroupControlTemplateName": "",
    "FirstParty": true,
    "Id": "http://microsoft.com/appmagic/label",
    "IsComponentTemplate": false,
    "IsCustomGroupControlTemplate": false,
    "IsPcfControl": false,
    "IsPremiumPcfControl": false,
    "IsWidgetTemplate": true,
    "LastModifiedTimestamp": "0",
    "Name": "label",
    "OverridableProperties": {},
    "Version": "2.3.2"
  },
  "rectangle": {
    "CustomGroupControlTemplateName": "",
    "FirstParty": true,
    "Id": "http://microsoft.com/appmagic/shapes/rectangle",
    "IsComponentTemplate": false,
    "IsCustomGroupControlTemplate": false,
    "IsPcfControl": false,
    "IsPremiumPcfControl": false,
    "IsWidgetTemplate": true,
    "LastModifiedTimestamp": "0",
    "Name": "rectangle",
    "OverridableProperties": {},
    "Version": "2.1.2"
  },
  "screen": {
    "CustomGroupControlTemplateName": "",
    "FirstParty": true,
    "Id": "http://microsoft.com/appmagic/screen",
    "IsComponentTemplate": false,
    "IsCustomGroupControlTemplate": false,
    "IsPcfControl": false,
    "IsPremiumPcfControl": false,
    "IsWidgetTemplate": false,
    "LastModifiedTimestamp": "0",
    "Name": "screen",
    "OverridableProperties": {},
    "Version": "1.0"
  },
  "text": {
    "CustomGroupControlTemplateName": "",
    "FirstParty": true,
    "Id": "http://microsoft.com/appmagic/text",
    "IsComponentTemplate": false,
    "IsCustomGroupControlTemplate": false,
    "IsPcfControl": false,
    "IsPremiumPcfControl": false,
    "IsWidgetTemplate": true,
    "LastModifiedTimestamp": "0",
    "Name": "text",
    "OverridableProperties": {},
    "Version": "2.2.1"
  },
  "timer": {
    "CustomGroupControlTemplateName": "",
    "FirstParty": true,
    "Id": "http://microsoft.com/appmagic/timer",
    "IsComponentTemplate": false,
    "IsCustomGroupControlTemplate": false,
    "IsPcfControl": false,
    "IsPremiumPcfControl": false,
    "IsWidgetTemplate": true,
    "LastModifiedTimestamp": "0",
    "Name": "timer",
    "OverridableProperties": {},
    "Version": "2.0.1"
  }
}