{
  "ClientBuildDetails": {
    "CommitHash": "a3a2cf9969be7f5c2826ab851e513490d0458f8c",
    "IsLocalBuild": false
  },
  "ClientPerFileChecksums": {
    "AppCheckerResult.sarif": "C8_Xorefh2LBxXfV6yDwFqV4SqqknoGFkQMss+2srdB9wE=",
    "Controls\\1.json": "C8_HhKkcvI8VmTRKvIfnarl/ynV1r10xxBYaxrU+CkwRQs=",
    "Controls\\100.json": "C8_NNOTgLZwLLz/lYWhonWPR/q1v5Vks79iRqhO2jgiJPk=",
    "Controls\\129.json": "C8_DwlSCX6TZzYJGTQ8q3rsvTwv+zKTrVZVIkUlZhgtyjc=",
    "Controls\\144.json": "C8_253AMjDIhh7REAqmN8nBJpC+n3qUg2bb+i58QU4JX/4=",
    "Controls\\180.json": "C8_ujs057A573EzrzLXbPHByqF+DdFYVGZZYkZmGDyZmXg=",
    "Controls\\183.json": "C8_3gwdecKjo5Q+QFKIs+ayKCdP2e4MAHBUAUvF7a/11cY=",
    "Controls\\198.json": "C8_3+5eL8kJiGu5VGnpkFvb1ANkDq/nnU2qyB28UuClIz0=",
    "Controls\\234.json": "C8_MPdueebxJ//ifKj4EnAV+zzSBXNtI6m0AKuCFIKaxJg=",
    "Controls\\240.json": "C8_Qi9yQUoY2mJxhV21VvoqksGXElMalOWp7ozWmuvRNYs=",
    "Controls\\246.json": "C8_if0/5Gjic0T3HgSj3tJNRVUqVe4OZ7txtg4CWRz2PBw=",
    "Controls\\254.json": "C8_OwDjcibZ4r5NaroNLYBmn/0rnMdY9AoLL43n0LRTqgw=",
    "Controls\\26.json": "C8_T5lv+QMOevSwtJoIxcMy4ZjnIDMiLTlCANL74hVMfvc=",
    "Controls\\260.json": "C8_AQ0/rEcai+R4YLxWhrUi7kpLDXjITMnXfGTr8WHghoQ=",
    "Controls\\272.json": "C8_iw10s0JmAo1evMsjlzjUMbar+QKwmUp6HhQfqknXHjE=",
    "Controls\\3.json": "C8_gGtFzhNM5NRYV2TksNmq6pPh0qgKOIlA60HcHXahmZk=",
    "Controls\\42.json": "C8_sIWdXk1zibvgjdLZjAY+Tnw/ipkIGZn41QwBfVuzFMg=",
    "Controls\\79.json": "C8_zdqU9OjPuZwOnkXHMnJohKLCE3e1zZ21gv3ZkBemuAc=",
    "Controls\\93.json": "C8_TuUaTBELZYOx0p0RyDEEdpEFDMEe398k3hIKLA+GXN0=",
    "Header.json": "C8_tA142jdjA/DJJEFd1aLrBp1AuGs5k4J+dIummKfuVu4=",
    "Properties.json": "C8_ADrX7OdxHeTC4u5CTan3adW32JZfm48XKo0zJTcYZZQ=",
    "References\\DataSources.json": "C8_meH3nmuwXL4suN3okJZGlM8/brPHiD6SGOd8B47Mio0=",
    "References\\Resources.json": "C8_F94TGzDIUA4Imf61YeNecoZ+Y/gbXJMhH7UGEPMkVLg=",
    "References\\Templates.json": "C8_hpRj070mszMJ3VzLe3bpa21kuocU+I7ZycZIPh51kcY=",
    "References\\Themes.json": "C8_pe8/BVIbLlCyQjm1bbvbdS4y52cQ6mebisLGkpK8uVk=",
    "Resources\\1kwvlwrh.jpg": "C8_CdbTla43/b1efxQxz5/bqB3sdrogJnJxngtwzKj+mZM=",
    "Resources\\PublishInfo.json": "C8_HH7+2b547NPjWDLjmN1A8P+nlP7ZYbpHBSLR3dhItQI="
  },
  "ClientStampedChecksum": "C8_IbRdOWfjc8y4tiqbDZ0rTZgmoId8my6ekaCipINJ6/o=",
  "ServerPerFileChecksums": {
    "AppCheckerResult.sarif": "C6_Xorefh2LBxXfV6yDwFqV4SqqknoGFkQMss+2srdB9wE=",
    "Controls\\1.json": "C6_HhKkcvI8VmTRKvIfnarl/ynV1r10xxBYaxrU+CkwRQs=",
    "Controls\\100.json": "C6_NNOTgLZwLLz/lYWhonWPR/q1v5Vks79iRqhO2jgiJPk=",
    "Controls\\129.json": "C6_DwlSCX6TZzYJGTQ8q3rsvTwv+zKTrVZVIkUlZhgtyjc=",
    "Controls\\144.json": "C6_253AMjDIhh7REAqmN8nBJpC+n3qUg2bb+i58QU4JX/4=",
    "Controls\\180.json": "C6_ujs057A573EzrzLXbPHByqF+DdFYVGZZYkZmGDyZmXg=",
    "Controls\\183.json": "C6_3gwdecKjo5Q+QFKIs+ayKCdP2e4MAHBUAUvF7a/11cY=",
    "Controls\\198.json": "C6_3+5eL8kJiGu5VGnpkFvb1ANkDq/nnU2qyB28UuClIz0=",
    "Controls\\234.json": "C6_33f8QzQm2yCFSBvNaQF3cpiBbCV0IlT4vH8wiARRVGM=",
    "Controls\\240.json": "C6_Qi9yQUoY2mJxhV21VvoqksGXElMalOWp7ozWmuvRNYs=",
    "Controls\\246.json": "C6_if0/5Gjic0T3HgSj3tJNRVUqVe4OZ7txtg4CWRz2PBw=",
    "Controls\\254.json": "C6_OwDjcibZ4r5NaroNLYBmn/0rnMdY9AoLL43n0LRTqgw=",
    "Controls\\26.json": "C6_T5lv+QMOevSwtJoIxcMy4ZjnIDMiLTlCANL74hVMfvc=",
    "Controls\\260.json": "C6_AQ0/rEcai+R4YLxWhrUi7kpLDXjITMnXfGTr8WHghoQ=",
    "Controls\\272.json": "C6_iw10s0JmAo1evMsjlzjUMbar+QKwmUp6HhQfqknXHjE=",
    "Controls\\3.json": "C6_gGtFzhNM5NRYV2TksNmq6pPh0qgKOIlA60HcHXahmZk=",
    "Controls\\42.json": "C6_sIWdXk1zibvgjdLZjAY+Tnw/ipkIGZn41QwBfVuzFMg=",
    "Controls\\79.json": "C6_zdqU9OjPuZwOnkXHMnJohKLCE3e1zZ21gv3ZkBemuAc=",
    "Controls\\93.json": "C6_TuUaTBELZYOx0p0RyDEEdpEFDMEe398k3hIKLA+GXN0=",
    "Header.json": "C6_tA142jdjA/DJJEFd1aLrBp1AuGs5k4J+dIummKfuVu4=",
    "Properties.json": "C6_ADrX7OdxHeTC4u5CTan3adW32JZfm48XKo0zJTcYZZQ=",
    "References\\DataSources.json": "C6_meH3nmuwXL4suN3okJZGlM8/brPHiD6SGOd8B47Mio0=",
    "References\\Resources.json": "C6_F94TGzDIUA4Imf61YeNecoZ+Y/gbXJMhH7UGEPMkVLg=",
    "References\\Templates.json": "C6_hpRj070mszMJ3VzLe3bpa21kuocU+I7ZycZIPh51kcY=",
    "References\\Themes.json": "C6_pe8/BVIbLlCyQjm1bbvbdS4y52cQ6mebisLGkpK8uVk=",
    "Resources\\1kwvlwrh.jpg": "C6_CdbTla43/b1efxQxz5/bqB3sdrogJnJxngtwzKj+mZM=",
    "Resources\\PublishInfo.json": "C6_HH7+2b547NPjWDLjmN1A8P+nlP7ZYbpHBSLR3dhItQI="
  },
  "ServerStampedChecksum": "C6_7qmTmH+bCxHXTkbNM9ozb+vxzECyqE3VyMknPP/D2FQ="
}