{
  "ComponentIndexes": {},
  "ControlUniqueIds": {
    "App": 1,
    "Button1": 34,
    "Button1_1": 63,
    "Button1_3": 158,
    "Button1_4": 182,
    "Button1_5": 123,
    "Button2_1": 94,
    "Button3": 237,
    "Button3_1": 238,
    "Button3_2": 243,
    "Button3_3": 244,
    "Button3_4": 257,
    "Button3_5": 258,
    "Camera1": 95,
    "CameraPage": 93,
    "Circle1": 89,
    "CloseJobImageScreen": 272,
    "ConfirmationPage": 180,
    "ConfirmationPage_1": 254,
    "DelCloseEstPage": 240,
    "DelOpenEstPage": 234,
    "Filter_Gallery": 188,
    "FilterPage": 183,
    "FinishEstimatePage": 144,
    "Floorin_Preview_Gallery": 83,
    "FlooringDetailPage": 79,
    "FlooringPage": 129,
    "Gallery1_1": 134,
    "Gallery2": 268,
    "galleryTemplate1": 9,
    "galleryTemplate1_2": 84,
    "galleryTemplate1_3": 189,
    "galleryTemplate1_8": 135,
    "galleryTemplate2": 269,
    "galleryTemplate2_1": 220,
    "galleryTemplate2_2": 281,
    "galleryTemplate3": 97,
    "Group1": 24,
    "Group1_1": 196,
    "Group10": 91,
    "Group11": 142,
    "Group11_1": 78,
    "Group11_3": 143,
    "Group12": 40,
    "Group12_1": 197,
    "Group12_2": 232,
    "Group12_3": 177,
    "Group12_4": 252,
    "Group13": 41,
    "Group14": 233,
    "Group15": 226,
    "Group17": 179,
    "Group2": 128,
    "Group2_1": 271,
    "Group2_2": 283,
    "Group3": 25,
    "Group4": 76,
    "Group5": 77,
    "Group6": 17,
    "Group7": 239,
    "Group7_1": 245,
    "Group7_2": 259,
    "Group8": 253,
    "Group9": 178,
    "icon1": 7,
    "icon1_1": 187,
    "icon2": 16,
    "icon2_2": 191,
    "icon2_7": 138,
    "icon3": 20,
    "icon4": 37,
    "icon4_10": 266,
    "icon4_11": 278,
    "icon4_2": 82,
    "icon4_3": 126,
    "icon4_4": 73,
    "icon4_5": 195,
    "icon4_6": 229,
    "icon4_7": 170,
    "icon4_8": 249,
    "icon4_9": 133,
    "icon5": 68,
    "icon5_1": 71,
    "icon5_2": 176,
    "icon6": 39,
    "icon6_1": 231,
    "icon7": 90,
    "icon8": 251,
    "Image1": 35,
    "Image2": 85,
    "Image3": 227,
    "Image3_2": 98,
    "Image4": 247,
    "Image5": 267,
    "Image5_1": 279,
    "Image6": 270,
    "Image6_1": 282,
    "JobsDetailPage": 26,
    "JobsListGallery": 8,
    "LengthFt": 50,
    "LengthInch": 51,
    "NewJobPage": 100,
    "OpenJobsPage": 3,
    "PenInput1": 163,
    "PreviewImagePage": 246,
    "Rectangle1": 4,
    "Rectangle1_1": 19,
    "Rectangle1_10": 199,
    "Rectangle1_11": 130,
    "Rectangle1_12": 262,
    "Rectangle1_13": 274,
    "Rectangle1_2": 184,
    "Rectangle1_3": 27,
    "Rectangle1_4": 43,
    "Rectangle1_6": 80,
    "Rectangle1_8": 145,
    "Rectangle1_9": 104,
    "Rectangle10_5": 137,
    "Rectangle11": 235,
    "Rectangle11_1": 241,
    "Rectangle11_2": 255,
    "Rectangle12": 261,
    "Rectangle12_1": 273,
    "Rectangle13": 92,
    "Rectangle17": 175,
    "Rectangle2": 6,
    "Rectangle2_1": 36,
    "Rectangle2_10": 250,
    "Rectangle2_11": 265,
    "Rectangle2_12": 277,
    "Rectangle2_2": 186,
    "Rectangle2_3": 125,
    "Rectangle2_4": 194,
    "Rectangle2_5": 228,
    "Rectangle2_6": 169,
    "Rectangle2_7": 248,
    "Rectangle2_8": 38,
    "Rectangle2_9": 230,
    "Rectangle3": 15,
    "Rectangle3_1": 60,
    "Rectangle3_10": 151,
    "Rectangle3_11": 152,
    "Rectangle3_12": 157,
    "Rectangle3_13": 205,
    "Rectangle3_14": 206,
    "Rectangle3_15": 211,
    "Rectangle3_17": 136,
    "Rectangle3_2": 61,
    "Rectangle3_3": 62,
    "Rectangle3_6": 192,
    "Rectangle4": 86,
    "Rectangle5": 10,
    "Rectangle5_1": 190,
    "Rectangle6": 161,
    "Rectangle6_1": 214,
    "Rectangle7": 66,
    "Rectangle7_1": 69,
    "Rectangle8": 124,
    "Rectangle8_1": 264,
    "Rectangle8_2": 276,
    "Rectangle9_1": 72,
    "Rectangle9_3": 132,
    "RoomArea": 54,
    "RoomDetailsGallery": 219,
    "RoomName": 46,
    "RoomPage": 42,
    "RoomPhotosGallery": 96,
    "RoomPhotosListGallery": 280,
    "TextBox1": 5,
    "TextBox1_1": 28,
    "TextBox1_10": 131,
    "TextBox1_11": 275,
    "TextBox1_2": 44,
    "TextBox1_4": 81,
    "TextBox1_5": 185,
    "TextBox1_6": 146,
    "TextBox1_7": 105,
    "TextBox1_8": 200,
    "TextBox1_9": 263,
    "TextBox10": 164,
    "TextBox10_1": 216,
    "TextBox11": 99,
    "TextBox12": 236,
    "TextBox12_1": 242,
    "TextBox12_2": 256,
    "TextBox13": 167,
    "TextBox13_1": 221,
    "TextBox14": 168,
    "TextBox14_1": 222,
    "TextBox15": 172,
    "TextBox15_1": 224,
    "TextBox16": 74,
    "TextBox17": 75,
    "TextBox17_1": 127,
    "TextBox18": 14,
    "TextBox19": 23,
    "TextBox2": 11,
    "TextBox2_1": 12,
    "TextBox2_2": 13,
    "TextBox2_22": 139,
    "TextBox2_23": 140,
    "TextBox2_24": 141,
    "TextBox2_7": 87,
    "TextBox2_8": 88,
    "TextBox2_9": 193,
    "TextBox20": 171,
    "TextBox20_1": 223,
    "TextBox27_2": 174,
    "TextBox3": 18,
    "TextBox4": 165,
    "TextBox4_1": 29,
    "TextBox4_10": 201,
    "TextBox4_11": 202,
    "TextBox4_12": 173,
    "TextBox4_13": 153,
    "TextBox4_14": 154,
    "TextBox4_15": 159,
    "TextBox4_16": 160,
    "TextBox4_17": 166,
    "TextBox4_18": 203,
    "TextBox4_19": 204,
    "TextBox4_2": 30,
    "TextBox4_20": 207,
    "TextBox4_21": 208,
    "TextBox4_22": 212,
    "TextBox4_23": 213,
    "TextBox4_24": 217,
    "TextBox4_25": 218,
    "TextBox4_26": 225,
    "TextBox4_3": 31,
    "TextBox4_4": 32,
    "TextBox4_5": 33,
    "TextBox4_6": 147,
    "TextBox4_7": 148,
    "TextBox4_8": 149,
    "TextBox4_9": 150,
    "TextBox5": 45,
    "TextBox5_10": 67,
    "TextBox5_11": 70,
    "TextBox5_2": 47,
    "TextBox5_24": 106,
    "TextBox5_25": 108,
    "TextBox5_28": 112,
    "TextBox5_29": 114,
    "TextBox5_3": 48,
    "TextBox5_31": 116,
    "TextBox5_32": 119,
    "TextBox5_33": 121,
    "TextBox5_34": 103,
    "TextBox5_35": 102,
    "TextBox5_36": 101,
    "TextBox5_4": 49,
    "TextBox5_5": 55,
    "TextBox5_6": 56,
    "TextBox5_7": 57,
    "TextBox5_8": 58,
    "TextBox5_9": 59,
    "TextBox6": 162,
    "TextBox6_1": 215,
    "TextBox7": 181,
    "TextBox8": 64,
    "TextBox9": 65,
    "TextInput1_12": 155,
    "TextInput1_13": 156,
    "TextInput1_14": 107,
    "TextInput1_15": 109,
    "TextInput1_16": 110,
    "TextInput1_17": 111,
    "TextInput1_18": 113,
    "TextInput1_19": 115,
    "TextInput1_20": 117,
    "TextInput1_21": 118,
    "TextInput1_22": 120,
    "TextInput1_23": 122,
    "TextInput1_24": 209,
    "TextInput1_25": 210,
    "Timer1": 21,
    "Timer2": 22,
    "ViewEstimatePage": 198,
    "ViewImageScreen": 260,
    "WidthFt": 52,
    "WidthInch": 53
  },
  "FunctionParamsInvariantScripts": {},
  "HeaderLastSavedDateTimeUTC": "06/23/2021 21:44:52",
  "LocalDatabaseReferencesAsEmpty": false,
  "LocalResourceFileNames": {},
  "LocalResourceRootPaths": {},
  "OldLogoFileName": "1kwvlwrh.jpg",
  "OrderComponentMetadata": {},
  "OrderComponentTemplate": {},
  "OrderDataSource": {
    "CameraPhotos": 13,
    "CustomGallerySample": 0,
    "EstimateCollect": 12,
    "Filters": 5,
    "Floorings": 3,
    "FlooringSummary": 2,
    "ImageGallerySample": 6,
    "Jobs": 7,
    "Jobscollect": 9,
    "Photos": 1,
    "Photoscollect": 11,
    "Rooms": 4,
    "Roomscollect": 10,
    "TextualGallerySample": 8,
    "variables": 14
  },
  "OrderGroupControls": {
    "Group1": {
      "icon1": 1,
      "Rectangle2": 0
    },
    "Group1_1": {
      "icon1_1": 1,
      "Rectangle2_2": 0
    },
    "Group10": {
      "Circle1": 1,
      "icon7": 0,
      "Image2": 2,
      "Rectangle4": 3,
      "TextBox2_7": 5,
      "TextBox2_8": 4
    },
    "Group11": {
      "icon2_7": 4,
      "Rectangle10_5": 3,
      "TextBox2_22": 2,
      "TextBox2_23": 1,
      "TextBox2_24": 0
    },
    "Group11_1": {
      "icon4_4": 1,
      "Rectangle9_1": 0
    },
    "Group11_3": {
      "icon4_9": 1,
      "Rectangle9_3": 0
    },
    "Group12": {
      "icon4": 1,
      "Rectangle2_1": 0
    },
    "Group12_1": {
      "icon4_5": 1,
      "Rectangle2_4": 0
    },
    "Group12_2": {
      "icon4_6": 1,
      "Rectangle2_5": 0
    },
    "Group12_3": {
      "icon4_7": 1,
      "Rectangle2_6": 0
    },
    "Group12_4": {
      "icon4_8": 1,
      "Rectangle2_7": 0
    },
    "Group13": {
      "icon6": 0,
      "Rectangle2_8": 1
    },
    "Group14": {
      "icon6_1": 1,
      "Rectangle2_9": 0
    },
    "Group15": {
      "TextBox15_1": 0,
      "TextBox4_26": 1
    },
    "Group17": {
      "icon5_2": 1,
      "Rectangle17": 2,
      "TextBox27_2": 0
    },
    "Group2": {
      "icon4_3": 2,
      "Rectangle2_3": 1,
      "Rectangle8": 0
    },
    "Group2_1": {
      "icon4_10": 2,
      "Rectangle2_11": 1,
      "Rectangle8_1": 0
    },
    "Group2_2": {
      "icon4_11": 2,
      "Rectangle2_12": 1,
      "Rectangle8_2": 0
    },
    "Group3": {
      "icon3": 1,
      "Rectangle1_1": 0
    },
    "Group4": {
      "icon5": 2,
      "Rectangle7": 0,
      "TextBox5_10": 1
    },
    "Group5": {
      "icon5_1": 2,
      "Rectangle7_1": 0,
      "TextBox5_11": 1
    },
    "Group6": {
      "Rectangle5": 3,
      "TextBox18": 2,
      "TextBox2": 0,
      "TextBox2_1": 1,
      "TextBox2_2": 4
    },
    "Group7": {
      "Button3": 1,
      "Button3_1": 2,
      "TextBox12": 0
    },
    "Group7_1": {
      "Button3_2": 1,
      "Button3_3": 2,
      "TextBox12_1": 0
    },
    "Group7_2": {
      "Button3_4": 1,
      "Button3_5": 2,
      "TextBox12_2": 0
    },
    "Group8": {
      "icon8": 1,
      "Rectangle2_10": 0
    },
    "Group9": {
      "TextBox15": 0,
      "TextBox4_12": 1
    }
  },
  "OrderTemplate": {},
  "OrderXMLTemplate": {
    "button": 5,
    "camera": 9,
    "circle": 8,
    "gallery": 4,
    "icon": 2,
    "image": 6,
    "inkControl": 10,
    "label": 1,
    "rectangle": 0,
    "text": 7,
    "timer": 3
  },
  "PublishOrderIndices": {
    "App": 0,
    "Button1": 49,
    "Button1_1": 86,
    "Button1_3": 152,
    "Button1_4": 165,
    "Button1_5": 193,
    "Button2_1": 105,
    "Button3": 243,
    "Button3_1": 244,
    "Button3_2": 248,
    "Button3_3": 249,
    "Button3_4": 116,
    "Button3_5": 117,
    "Camera1": 100,
    "CameraPage": 0,
    "Circle1": 95,
    "CloseJobImageScreen": 0,
    "ConfirmationPage": 0,
    "ConfirmationPage_1": 0,
    "DelCloseEstPage": 0,
    "DelOpenEstPage": 0,
    "Filter_Gallery": 30,
    "FilterPage": 0,
    "FinishEstimatePage": 0,
    "Floorin_Preview_Gallery": 91,
    "FlooringDetailPage": 0,
    "FlooringPage": 0,
    "Gallery1_1": 255,
    "Gallery2": 161,
    "galleryTemplate1": 12,
    "galleryTemplate1_2": 92,
    "galleryTemplate1_3": 31,
    "galleryTemplate1_8": 256,
    "galleryTemplate2": 162,
    "galleryTemplate2_1": 209,
    "galleryTemplate2_2": 238,
    "galleryTemplate3": 103,
    "Group1": 2,
    "Group1_1": 26,
    "Group10": 93,
    "Group11": 257,
    "Group11_1": 53,
    "Group11_3": 251,
    "Group12": 36,
    "Group12_1": 23,
    "Group12_2": 196,
    "Group12_3": 118,
    "Group12_4": 107,
    "Group13": 40,
    "Group14": 198,
    "Group15": 214,
    "Group17": 149,
    "Group2": 166,
    "Group2_1": 153,
    "Group2_2": 229,
    "Group3": 7,
    "Group4": 75,
    "Group5": 80,
    "Group6": 13,
    "Group7": 241,
    "Group7_1": 246,
    "Group7_2": 114,
    "Group8": 109,
    "Group9": 133,
    "icon1": 4,
    "icon1_1": 28,
    "icon2": 17,
    "icon2_2": 34,
    "icon2_7": 260,
    "icon3": 10,
    "icon4": 43,
    "icon4_10": 158,
    "icon4_11": 234,
    "icon4_2": 90,
    "icon4_3": 171,
    "icon4_4": 55,
    "icon4_5": 29,
    "icon4_6": 201,
    "icon4_7": 122,
    "icon4_8": 111,
    "icon4_9": 254,
    "icon5": 78,
    "icon5_1": 83,
    "icon5_2": 151,
    "icon6": 42,
    "icon6_1": 200,
    "icon7": 96,
    "icon8": 112,
    "Image1": 50,
    "Image2": 94,
    "Image3": 226,
    "Image3_2": 104,
    "Image4": 106,
    "Image5": 160,
    "Image5_1": 236,
    "Image6": 163,
    "Image6_1": 239,
    "JobsDetailPage": 0,
    "JobsListGallery": 11,
    "LengthFt": 59,
    "LengthInch": 60,
    "NewJobPage": 0,
    "OpenJobsPage": 0,
    "PenInput1": 145,
    "PreviewImagePage": 0,
    "Rectangle1": 0,
    "Rectangle1_1": 8,
    "Rectangle1_10": 194,
    "Rectangle1_11": 250,
    "Rectangle1_12": 154,
    "Rectangle1_13": 230,
    "Rectangle1_2": 22,
    "Rectangle1_3": 37,
    "Rectangle1_4": 51,
    "Rectangle1_6": 87,
    "Rectangle1_8": 119,
    "Rectangle1_9": 167,
    "Rectangle10_5": 258,
    "Rectangle11": 240,
    "Rectangle11_1": 245,
    "Rectangle11_2": 113,
    "Rectangle12": 159,
    "Rectangle12_1": 235,
    "Rectangle13": 88,
    "Rectangle17": 148,
    "Rectangle2": 3,
    "Rectangle2_1": 38,
    "Rectangle2_10": 110,
    "Rectangle2_11": 156,
    "Rectangle2_12": 232,
    "Rectangle2_2": 27,
    "Rectangle2_3": 169,
    "Rectangle2_4": 24,
    "Rectangle2_5": 197,
    "Rectangle2_6": 121,
    "Rectangle2_7": 108,
    "Rectangle2_8": 41,
    "Rectangle2_9": 199,
    "Rectangle3": 20,
    "Rectangle3_1": 74,
    "Rectangle3_10": 128,
    "Rectangle3_11": 135,
    "Rectangle3_12": 142,
    "Rectangle3_13": 207,
    "Rectangle3_14": 216,
    "Rectangle3_15": 223,
    "Rectangle3_17": 263,
    "Rectangle3_2": 79,
    "Rectangle3_3": 84,
    "Rectangle3_6": 35,
    "Rectangle4": 99,
    "Rectangle5": 14,
    "Rectangle5_1": 32,
    "Rectangle6": 146,
    "Rectangle6_1": 227,
    "Rectangle7": 76,
    "Rectangle7_1": 81,
    "Rectangle8": 168,
    "Rectangle8_1": 155,
    "Rectangle8_2": 231,
    "Rectangle9_1": 54,
    "Rectangle9_3": 252,
    "RoomArea": 71,
    "RoomDetailsGallery": 208,
    "RoomName": 57,
    "RoomPage": 0,
    "RoomPhotosGallery": 102,
    "RoomPhotosListGallery": 237,
    "TextBox1": 1,
    "TextBox1_1": 39,
    "TextBox1_10": 253,
    "TextBox1_11": 233,
    "TextBox1_2": 52,
    "TextBox1_4": 89,
    "TextBox1_5": 25,
    "TextBox1_6": 120,
    "TextBox1_7": 170,
    "TextBox1_8": 195,
    "TextBox1_9": 157,
    "TextBox10": 124,
    "TextBox10_1": 203,
    "TextBox11": 101,
    "TextBox12": 242,
    "TextBox12_1": 247,
    "TextBox12_2": 115,
    "TextBox13": 130,
    "TextBox13_1": 211,
    "TextBox14": 129,
    "TextBox14_1": 210,
    "TextBox15": 132,
    "TextBox15_1": 215,
    "TextBox16": 70,
    "TextBox17": 85,
    "TextBox17_1": 192,
    "TextBox18": 16,
    "TextBox19": 21,
    "TextBox2": 18,
    "TextBox2_1": 15,
    "TextBox2_2": 19,
    "TextBox2_22": 259,
    "TextBox2_23": 262,
    "TextBox2_24": 261,
    "TextBox2_7": 97,
    "TextBox2_8": 98,
    "TextBox2_9": 33,
    "TextBox20": 131,
    "TextBox20_1": 212,
    "TextBox27_2": 150,
    "TextBox3": 9,
    "TextBox4": 140,
    "TextBox4_1": 44,
    "TextBox4_10": 202,
    "TextBox4_11": 204,
    "TextBox4_12": 134,
    "TextBox4_13": 136,
    "TextBox4_14": 137,
    "TextBox4_15": 143,
    "TextBox4_16": 144,
    "TextBox4_17": 141,
    "TextBox4_18": 205,
    "TextBox4_19": 206,
    "TextBox4_2": 45,
    "TextBox4_20": 217,
    "TextBox4_21": 218,
    "TextBox4_22": 224,
    "TextBox4_23": 225,
    "TextBox4_24": 221,
    "TextBox4_25": 222,
    "TextBox4_26": 213,
    "TextBox4_3": 46,
    "TextBox4_4": 47,
    "TextBox4_5": 48,
    "TextBox4_6": 123,
    "TextBox4_7": 125,
    "TextBox4_8": 126,
    "TextBox4_9": 127,
    "TextBox5": 56,
    "TextBox5_10": 77,
    "TextBox5_11": 82,
    "TextBox5_2": 68,
    "TextBox5_24": 172,
    "TextBox5_25": 174,
    "TextBox5_28": 180,
    "TextBox5_29": 183,
    "TextBox5_3": 63,
    "TextBox5_31": 184,
    "TextBox5_32": 188,
    "TextBox5_33": 190,
    "TextBox5_34": 176,
    "TextBox5_35": 178,
    "TextBox5_36": 182,
    "TextBox5_4": 58,
    "TextBox5_5": 61,
    "TextBox5_6": 67,
    "TextBox5_7": 62,
    "TextBox5_8": 66,
    "TextBox5_9": 73,
    "TextBox6": 147,
    "TextBox6_1": 228,
    "TextBox7": 164,
    "TextBox8": 69,
    "TextBox9": 72,
    "TextInput1_12": 138,
    "TextInput1_13": 139,
    "TextInput1_14": 173,
    "TextInput1_15": 175,
    "TextInput1_16": 177,
    "TextInput1_17": 179,
    "TextInput1_18": 181,
    "TextInput1_19": 187,
    "TextInput1_20": 185,
    "TextInput1_21": 186,
    "TextInput1_22": 189,
    "TextInput1_23": 191,
    "TextInput1_24": 219,
    "TextInput1_25": 220,
    "Timer1": 5,
    "Timer2": 6,
    "ViewEstimatePage": 0,
    "ViewImageScreen": 0,
    "WidthFt": 64,
    "WidthInch": 65
  },
  "ResourcesJsonIndices": {
    "Image-Basel_Add": 0,
    "Image-Basel_Cancel": 7,
    "Image-Basel_Check": 5,
    "Image-Basel_ChevronLeft": 3,
    "Image-Basel_ChevronRight": 1,
    "Image-Basel_filter": 2,
    "Image-Basel_Trash": 6,
    "Image-SampleImage": 4
  },
  "TemplateVersions": {},
  "VolatileProperties": {
    "AnalysisLoadTime": 1.9086612000000001,
    "ControlCount": {
      "button": 12,
      "camera": 1,
      "circle": 1,
      "gallery": 8,
      "galleryTemplate": 8,
      "group": 27,
      "icon": 24,
      "image": 9,
      "inkControl": 1,
      "label": 94,
      "rectangle": 57,
      "screen": 17,
      "text": 20,
      "timer": 2
    },
    "DeserializationLoadTime": 3.5418769000000001,
    "ErrorCount": 0
  }
}